PRODUCT_LEAF_ID,PRODUCT_LEAF_DESC,LEVEL2_ID,LEVEL2_DESC,LEVEL3_ID,LEVEL3_DESC,LEVEL4_ID,LEVEL4_DESC,LEVEL2_COLOR
20010101,CHO VAY MUA OTO KINH DOANH,20,CHO VAY,2001,CHO VAY TIEU DUNG,200101,CHO VAY MUA OTO,#CBF3D2
20010102,CHO VAY MUA OTO TIEU DUNG,20,CHO VAY,2001,CHO VAY TIEU DUNG,200101,CHO VAY MUA OTO,#CBF3D2
20010103,CHO VAY MUA OTO TIEU DUNG CBCNV BIDV,20,CHO VAY,2001,CHO VAY TIEU DUNG,200101,CHO VAY MUA OTO,#CBF3D2
20010104,CHO VAY MUA OTO TIEU DUNG CBCNV CO TK NHAN LUONG TAI BIDV,20,CHO VAY,2001,CHO VAY TIEU DUNG,200101,CHO VAY MUA OTO,#CBF3D2
20010105,CHO VAY MUA OTO KHAC,20,CHO VAY,2001,CHO VAY TIEU DUNG,200101,CHO VAY MUA OTO,#CBF3D2
20010106,CHO VAY MUA XE MAY PHAN KHOI LON,20,CHO VAY,2001,CHO VAY TIEU DUNG,200101,CHO VAY MUA OTO,#CBF3D2
20010199,DUMMY_CHO VAY MUA OTO,20,CHO VAY,2001,CHO VAY TIEU DUNG,200101,CHO VAY MUA OTO,#CBF3D2
20010201,CHO VAY MUA NHA THONG THUONG,20,CHO VAY,2001,CHO VAY TIEU DUNG,200102,CHO VAY MUA NHA,#CBF3D2
20010202,CHO VAY MUA NHA UU DAI,20,CHO VAY,2001,CHO VAY TIEU DUNG,200102,CHO VAY MUA NHA,#CBF3D2
20010203,CHO VAY MUA NHA O CBCNV BIDV,20,CHO VAY,2001,CHO VAY TIEU DUNG,200102,CHO VAY MUA NHA,#CBF3D2
20010204,CHO VAY MUA NHA O THUONG MAI,20,CHO VAY,2001,CHO VAY TIEU DUNG,200102,CHO VAY MUA NHA,#CBF3D2
20010205,CHO VAY HO TRO MUA NHA O XH,20,CHO VAY,2001,CHO VAY TIEU DUNG,200102,CHO VAY MUA NHA,#CBF3D2
20010206,CHO VAY HO TRO MUA NHA O TM THEO TT 07,20,CHO VAY,2001,CHO VAY TIEU DUNG,200102,CHO VAY MUA NHA,#CBF3D2
20010210,CHO VAY GOI AN GIA LAP NGHIEP,20,CHO VAY,2001,CHO VAY TIEU DUNG,200102,CHO VAY MUA NHA,#CBF3D2
20010211,CHO VAY MUA NHA DU AN NAM LONG,20,CHO VAY,2001,CHO VAY TIEU DUNG,200102,CHO VAY MUA NHA,#CBF3D2
20010212,CHO VAY MUA NHA DU AN CH GARDEN,20,CHO VAY,2001,CHO VAY TIEU DUNG,200102,CHO VAY MUA NHA,#CBF3D2
20010213,CHO VAY MUA NHA DU AN NOVA,20,CHO VAY,2001,CHO VAY TIEU DUNG,200102,CHO VAY MUA NHA,#CBF3D2
20010214,CHO VAY MUA NHA DU AN VSIP,20,CHO VAY,2001,CHO VAY TIEU DUNG,200102,CHO VAY MUA NHA,#CBF3D2
20010215,CV HO TRO MUA NHA GOI 3000 TY NGANH GD TPHCM,20,CHO VAY,2001,CHO VAY TIEU DUNG,200102,CHO VAY MUA NHA,#CBF3D2
20010216,CV MUA NHA CBCNV NGANH GD TPHCM,20,CHO VAY,2001,CHO VAY TIEU DUNG,200102,CHO VAY MUA NHA,#CBF3D2
20010217,CV MUA NHA DU AN H1 VIMECO,20,CHO VAY,2001,CHO VAY TIEU DUNG,200102,CHO VAY MUA NHA,#CBF3D2
20010218,CHO VAY MUA NHA DU AN HIM LAM,20,CHO VAY,2001,CHO VAY TIEU DUNG,200102,CHO VAY MUA NHA,#CBF3D2
20010219,CHO VAY MUA NHA DU AN PHU MY HUNG,20,CHO VAY,2001,CHO VAY TIEU DUNG,200102,CHO VAY MUA NHA,#CBF3D2
20010220,CHO VAY MUA BIET THU NGHI DUONG,20,CHO VAY,2001,CHO VAY TIEU DUNG,200102,CHO VAY MUA NHA,#CBF3D2
20010221,"CHO VAY MUA NHA DU AN VPTW DANG,BAO ND",20,CHO VAY,2001,CHO VAY TIEU DUNG,200102,CHO VAY MUA NHA,#CBF3D2
20010222,CHO VAY MUA NHA DU AN GOLDMARK,20,CHO VAY,2001,CHO VAY TIEU DUNG,200102,CHO VAY MUA NHA,#CBF3D2
20010224,CV MUA NHA DU AN TBCO1 THAI NGUYEN,20,CHO VAY,2001,CHO VAY TIEU DUNG,200102,CHO VAY MUA NHA,#CBF3D2
20010225,CHO VAY MUA NHA GOI 30K TY LSUAT TM,20,CHO VAY,2001,CHO VAY TIEU DUNG,200102,CHO VAY MUA NHA,#CBF3D2
20010226,CHO VAY MUA NHA DU AN KENTON,20,CHO VAY,2001,CHO VAY TIEU DUNG,200102,CHO VAY MUA NHA,#CBF3D2
20010227,CHO VAY MUA NHA DU AN HA DO 756 SG,20,CHO VAY,2001,CHO VAY TIEU DUNG,200102,CHO VAY MUA NHA,#CBF3D2
20010228,CHO VAY MUA NHA DU AN LEGEND,20,CHO VAY,2001,CHO VAY TIEU DUNG,200102,CHO VAY MUA NHA,#CBF3D2
20010229,CHO VAY MUA NHA DU AN SUNGRAND,20,CHO VAY,2001,CHO VAY TIEU DUNG,200102,CHO VAY MUA NHA,#CBF3D2
20010231,CHO VAY MUA NHA KINH DOANH,20,CHO VAY,2001,CHO VAY TIEU DUNG,200102,CHO VAY MUA NHA,#CBF3D2
20010232,CHO VAY MUA NHA DU AN GOLDEN AN KHANH,20,CHO VAY,2001,CHO VAY TIEU DUNG,200102,CHO VAY MUA NHA,#CBF3D2
20010233,CHO VAY MUA NHA DU AN AZ THANG LONG,20,CHO VAY,2001,CHO VAY TIEU DUNG,200102,CHO VAY MUA NHA,#CBF3D2
20010234,CHO VAY MUA NHA DU AN XUAN MAI COMPLEX,20,CHO VAY,2001,CHO VAY TIEU DUNG,200102,CHO VAY MUA NHA,#CBF3D2
20010235,CHO VAY MUA NHA DU AN TASCO,20,CHO VAY,2001,CHO VAY TIEU DUNG,200102,CHO VAY MUA NHA,#CBF3D2
20010236,CHO VAY MUA NHA DU AN ECO LAKEVIEW,20,CHO VAY,2001,CHO VAY TIEU DUNG,200102,CHO VAY MUA NHA,#CBF3D2
20010237,CHO VAY MUA NHA DU AN GOLDSEASON,20,CHO VAY,2001,CHO VAY TIEU DUNG,200102,CHO VAY MUA NHA,#CBF3D2
20010238,CHO VAY MUA NHA DU AN VINH THUY ECOPARK,20,CHO VAY,2001,CHO VAY TIEU DUNG,200102,CHO VAY MUA NHA,#CBF3D2
20010239,CHO VAY MUA NHA DU AN VINATA TOWER,20,CHO VAY,2001,CHO VAY TIEU DUNG,200102,CHO VAY MUA NHA,#CBF3D2
20010240,CHO VAY MUA NHA DU AN THU THIEM,20,CHO VAY,2001,CHO VAY TIEU DUNG,200102,CHO VAY MUA NHA,#CBF3D2
20010241,CHO VAY MUA NHA DU AN SKYPARK,20,CHO VAY,2001,CHO VAY TIEU DUNG,200102,CHO VAY MUA NHA,#CBF3D2
20010242,CHO VAY MUA NHA DU AN HATECO XUAN PHUONG,20,CHO VAY,2001,CHO VAY TIEU DUNG,200102,CHO VAY MUA NHA,#CBF3D2
20010243,CHO VAY MUA NHA DU AN VINCITY GIA LAM,20,CHO VAY,2001,CHO VAY TIEU DUNG,200102,CHO VAY MUA NHA,#CBF3D2
20010244,CHO VAY MUA NHA DU AN PCC1TX,20,CHO VAY,2001,CHO VAY TIEU DUNG,200102,CHO VAY MUA NHA,#CBF3D2
20010245,CHO VAY MUA NHA DU AN FUSION SUITE,20,CHO VAY,2001,CHO VAY TIEU DUNG,200102,CHO VAY MUA NHA,#CBF3D2
20010246,CHO VAY MUA NHA DU AN HATECO LAROMA,20,CHO VAY,2001,CHO VAY TIEU DUNG,200102,CHO VAY MUA NHA,#CBF3D2
20010247,CHO VAY MUA NHA DU AN BINH MINH,20,CHO VAY,2001,CHO VAY TIEU DUNG,200102,CHO VAY MUA NHA,#CBF3D2
20010248,CHO VAY MUA NHA DU AN THE ISLAND,20,CHO VAY,2001,CHO VAY TIEU DUNG,200102,CHO VAY MUA NHA,#CBF3D2
20010249,CHO VAY MUA NHA DU AN EUROWINDOW,20,CHO VAY,2001,CHO VAY TIEU DUNG,200102,CHO VAY MUA NHA,#CBF3D2
20010250,CHO VAY MUA NHA QUA UNG DUNG BIDV HOME,20,CHO VAY,2001,CHO VAY TIEU DUNG,200102,CHO VAY MUA NHA,#CBF3D2
20010299,DUMMY_CHO VAY MUA NHA,20,CHO VAY,2001,CHO VAY TIEU DUNG,200102,CHO VAY MUA NHA,#CBF3D2
20010301,CHO VAY KY QUY DU HOC CHUNG MINH TAI CHINH,20,CHO VAY,2001,CHO VAY TIEU DUNG,200103,CHO VAY DU HOC,#CBF3D2
20010302,CHO VAY DU HOC TAI TRO CHI PHI,20,CHO VAY,2001,CHO VAY TIEU DUNG,200103,CHO VAY DU HOC,#CBF3D2
20010303,CHO VAY DU HOC KHAC,20,CHO VAY,2001,CHO VAY TIEU DUNG,200103,CHO VAY DU HOC,#CBF3D2
20010304,CHO VAY HO TRO DAO TAO Y TE 50 TY,20,CHO VAY,2001,CHO VAY TIEU DUNG,200103,CHO VAY DU HOC,#CBF3D2
20010399,DUMMY_CHO VAY DU HOC,20,CHO VAY,2001,CHO VAY TIEU DUNG,200103,CHO VAY DU HOC,#CBF3D2
20010401,CHO VAY NGUOI LAO DONG DI LAM VIEC O NUOC NGOAI,20,CHO VAY,2001,CHO VAY TIEU DUNG,200104,CHO VAY NGUOI LAO DONG DI LAM VIEC O NUOC NGOAI_L4,#CBF3D2
20010501,CHO VAY THE TIN DUNG,20,CHO VAY,2001,CHO VAY TIEU DUNG,200105,CHO VAY THE TIN DUNG_L4,#CBF3D2
20010601,CHO VAY TIN CHAP TIEU DUNG KHAC,20,CHO VAY,2001,CHO VAY TIEU DUNG,200106,CHO VAY TIN CHAP TIEU DUNG_L4,#CBF3D2
20010602,GOI TIN DUNG BAN LE UU VIET,20,CHO VAY,2001,CHO VAY TIEU DUNG,200106,CHO VAY TIN CHAP TIEU DUNG_L4,#CBF3D2
20010603,CV TIN CHAP TIEU DUNG THEO NGUOI DAI DIEN,20,CHO VAY,2001,CHO VAY TIEU DUNG,200106,CHO VAY TIN CHAP TIEU DUNG_L4,#CBF3D2
20010604,CV TIN CHAP TIEU DUNG DIA BAN GIA LAI,20,CHO VAY,2001,CHO VAY TIEU DUNG,200106,CHO VAY TIN CHAP TIEU DUNG_L4,#CBF3D2
20010699,DUMMY_CHO VAY TIN CHAP TIEU DUNG,20,CHO VAY,2001,CHO VAY TIEU DUNG,200106,CHO VAY TIN CHAP TIEU DUNG_L4,#CBF3D2
20010701,CHO VAY CHIET KHAU GTCG KH CA NHAN THONG THUONG,20,CHO VAY,2001,CHO VAY TIEU DUNG,200107,CHO VAY CHIET KHAU GTCG DANH CHO KH CA NHAN,#CBF3D2
20010799,DUMMY_CHO VAY CHIET KHAU GTCG DANH CHO KH CA NHAN,20,CHO VAY,2001,CHO VAY TIEU DUNG,200107,CHO VAY CHIET KHAU GTCG DANH CHO KH CA NHAN,#CBF3D2
20010801,"CHO VAY DAM BAO BANG GTCG, THE TIET KIEM",20,CHO VAY,2001,CHO VAY TIEU DUNG,200108,"CHO VAY DAM BAO BANG GTCG, THE TIET KIEM_L4",#CBF3D2
20010802,CHO VAY KINH DOANH VE SO DAM BAO BANG SO TIET KIEM,20,CHO VAY,2001,CHO VAY TIEU DUNG,200108,"CHO VAY DAM BAO BANG GTCG, THE TIET KIEM_L4",#CBF3D2
20010804,CHO VAY CAM CO GTCG/TTK NGAN HANG KHAC PHAT HANH,20,CHO VAY,2001,CHO VAY TIEU DUNG,200108,"CHO VAY DAM BAO BANG GTCG, THE TIET KIEM_L4",#CBF3D2
20010899,"DUMMY_CHO VAY DAM BAO BANG GTCG, THE TIET KIEM",20,CHO VAY,2001,CHO VAY TIEU DUNG,200108,"CHO VAY DAM BAO BANG GTCG, THE TIET KIEM_L4",#CBF3D2
20010901,CHO VAY TIEU DUNG DAM BAO BANG BDS,20,CHO VAY,2001,CHO VAY TIEU DUNG,200109,CHO VAY TIEU DUNG CO TAI SAN DAM BAO,#CBF3D2
20010902,CHO VAY TIEU DUNG DAM BAO BANG TAI SAN KHAC,20,CHO VAY,2001,CHO VAY TIEU DUNG,200109,CHO VAY TIEU DUNG CO TAI SAN DAM BAO,#CBF3D2
20010903,CHO VAY GIA TANG KH DANG VAY MUA NHA,20,CHO VAY,2001,CHO VAY TIEU DUNG,200109,CHO VAY TIEU DUNG CO TAI SAN DAM BAO,#CBF3D2
20010999,DUMMY_CHO VAY TIEU DUNG CO TAI SAN DAM BAO,20,CHO VAY,2001,CHO VAY TIEU DUNG,200109,CHO VAY TIEU DUNG CO TAI SAN DAM BAO,#CBF3D2
20011099,DUMMY-CHO VAY TIEU DUNG,20,CHO VAY,2001,CHO VAY TIEU DUNG,200110,DUMMY-CHO VAY TIEU DUNG_L4,#CBF3D2
20020101,"CHO VAY SXKD CA NHAN, HGD",20,CHO VAY,2002,"CHO VAY SXKD CA NHAN, HGD_L3",200201,"CHO VAY SXKD CA NHAN, HGD_L4",#CBF3D2
20020102,CHO VAY SXKD DN TU NHAN,20,CHO VAY,2002,"CHO VAY SXKD CA NHAN, HGD_L3",200201,"CHO VAY SXKD CA NHAN, HGD_L4",#CBF3D2
20020103,"CHO VAY SXKD CA NHAN, HGD TIN CHAP",20,CHO VAY,2002,"CHO VAY SXKD CA NHAN, HGD_L3",200201,"CHO VAY SXKD CA NHAN, HGD_L4",#CBF3D2
20020104,CHO VAY HO TRO PT THUY SAN THEO ND67,20,CHO VAY,2002,"CHO VAY SXKD CA NHAN, HGD_L3",200201,"CHO VAY SXKD CA NHAN, HGD_L4",#CBF3D2
20020105,CHO VAY TRONG CO GOI 200TY,20,CHO VAY,2002,"CHO VAY SXKD CA NHAN, HGD_L3",200201,"CHO VAY SXKD CA NHAN, HGD_L4",#CBF3D2
20020106,CHO VAY TET 2016,20,CHO VAY,2002,"CHO VAY SXKD CA NHAN, HGD_L3",200201,"CHO VAY SXKD CA NHAN, HGD_L4",#CBF3D2
20020107,CHO VAY LUU VU,20,CHO VAY,2002,"CHO VAY SXKD CA NHAN, HGD_L3",200201,"CHO VAY SXKD CA NHAN, HGD_L4",#CBF3D2
20020108,GOI TIN DUNG CV SXKD 2016,20,CHO VAY,2002,"CHO VAY SXKD CA NHAN, HGD_L3",200201,"CHO VAY SXKD CA NHAN, HGD_L4",#CBF3D2
20020109,GOI 1000 TY HO TRO 4 TINH MIEN TRUNG,20,CHO VAY,2002,"CHO VAY SXKD CA NHAN, HGD_L3",200201,"CHO VAY SXKD CA NHAN, HGD_L4",#CBF3D2
20020110,CHO VAY GOI OTO 2016,20,CHO VAY,2002,"CHO VAY SXKD CA NHAN, HGD_L3",200201,"CHO VAY SXKD CA NHAN, HGD_L4",#CBF3D2
20020111,GOI TIN DUNG HO TRO SX NONG NGHIEP UNG DUNG CONG NGHE CAO,20,CHO VAY,2002,"CHO VAY SXKD CA NHAN, HGD_L3",200201,"CHO VAY SXKD CA NHAN, HGD_L4",#CBF3D2
20020112,GOI TIN DUNG THUC DAY SXKD TET 2018,20,CHO VAY,2002,"CHO VAY SXKD CA NHAN, HGD_L3",200201,"CHO VAY SXKD CA NHAN, HGD_L4",#CBF3D2
20020113,GOI CHO VAY SXKD DAC THU KV DBSCL,20,CHO VAY,2002,"CHO VAY SXKD CA NHAN, HGD_L3",200201,"CHO VAY SXKD CA NHAN, HGD_L4",#CBF3D2
20020114,CHO VAY KINH DOANH BAT DONG SAN,20,CHO VAY,2002,"CHO VAY SXKD CA NHAN, HGD_L3",200201,"CHO VAY SXKD CA NHAN, HGD_L4",#CBF3D2
20020115,GOI TIN DUNG BAN LE THUC DAY SXKD 2019,20,CHO VAY,2002,"CHO VAY SXKD CA NHAN, HGD_L3",200201,"CHO VAY SXKD CA NHAN, HGD_L4",#CBF3D2
20020199,"DUMMY_CHO VAY SXKD CA NHAN, HGD",20,CHO VAY,2002,"CHO VAY SXKD CA NHAN, HGD_L3",200201,"CHO VAY SXKD CA NHAN, HGD_L4",#CBF3D2
20030101,CHO VAY SXKD THONG THUONG,20,CHO VAY,2003,CHO VAY SXKD KHACH HANG TO CHUC,200301,CHO VAY SXKD THONG THUONG_L4,#CBF3D2
20030106,CHO VAY HO TRO KHACH HANG VIP KY HAN DEN 6 THANG,20,CHO VAY,2003,CHO VAY SXKD KHACH HANG TO CHUC,200301,CHO VAY SXKD THONG THUONG_L4,#CBF3D2
20030107,GOI TIN DUNG 1000TY FDI 2018,20,CHO VAY,2003,CHO VAY SXKD KHACH HANG TO CHUC,200301,CHO VAY SXKD THONG THUONG_L4,#CBF3D2
20030108,TAI TRO KHDN LON,20,CHO VAY,2003,CHO VAY SXKD KHACH HANG TO CHUC,200301,CHO VAY SXKD THONG THUONG_L4,#CBF3D2
20030109,CHO VAY DAM BAO BANG THU TD DU PHONG STANDBY LC,20,CHO VAY,2003,CHO VAY SXKD KHACH HANG TO CHUC,200301,CHO VAY SXKD THONG THUONG_L4,#CBF3D2
20030111,GOI TIN DUNG UU DAI TANG RONG DU NO 4000 TY,20,CHO VAY,2003,CHO VAY SXKD KHACH HANG TO CHUC,200301,CHO VAY SXKD THONG THUONG_L4,#CBF3D2
20030112,CHO VAY UU DAI LAI SUAT KH VIP,20,CHO VAY,2003,CHO VAY SXKD KHACH HANG TO CHUC,200301,CHO VAY SXKD THONG THUONG_L4,#CBF3D2
20030113,CHO VAY CAC DN XNK VOI TT MYANMAR,20,CHO VAY,2003,CHO VAY SXKD KHACH HANG TO CHUC,200301,CHO VAY SXKD THONG THUONG_L4,#CBF3D2
20030114,GOI TIN DUNG CANH TRANH 5000TY KH FDI,20,CHO VAY,2003,CHO VAY SXKD KHACH HANG TO CHUC,200301,CHO VAY SXKD THONG THUONG_L4,#CBF3D2
20030115,GOI TIN DUNG CANH TRANH DANH CHO KH XNK VVIP,20,CHO VAY,2003,CHO VAY SXKD KHACH HANG TO CHUC,200301,CHO VAY SXKD THONG THUONG_L4,#CBF3D2
20030116,GOI TIN DUNG 50TR USD 2017 FDI VIP,20,CHO VAY,2003,CHO VAY SXKD KHACH HANG TO CHUC,200301,CHO VAY SXKD THONG THUONG_L4,#CBF3D2
20030117,CHO VAY HO TRO DOANH NGHIEP UNG DUNG CONG NGHE CAO,20,CHO VAY,2003,CHO VAY SXKD KHACH HANG TO CHUC,200301,CHO VAY SXKD THONG THUONG_L4,#CBF3D2
20030118,GOI TD UU DAI 10000TY THOA THUAN HOP TAC HIEP HOI SME,20,CHO VAY,2003,CHO VAY SXKD KHACH HANG TO CHUC,200301,CHO VAY SXKD THONG THUONG_L4,#CBF3D2
20030119,CHO VAY DAI LY PHAN PHOI BIA RUOU,20,CHO VAY,2003,CHO VAY SXKD KHACH HANG TO CHUC,200301,CHO VAY SXKD THONG THUONG_L4,#CBF3D2
20030120,CHO VAY DAI LY KINH DOANH XE MAY,20,CHO VAY,2003,CHO VAY SXKD KHACH HANG TO CHUC,200301,CHO VAY SXKD THONG THUONG_L4,#CBF3D2
20030121,GOI TD UU DAI DN THU MUA CHE BIEN HOA QUA,20,CHO VAY,2003,CHO VAY SXKD KHACH HANG TO CHUC,200301,CHO VAY SXKD THONG THUONG_L4,#CBF3D2
20030122,GOI TIN DUNG 20000TY THUC DAY SXKD CUOI NAM 2017,20,CHO VAY,2003,CHO VAY SXKD KHACH HANG TO CHUC,200301,CHO VAY SXKD THONG THUONG_L4,#CBF3D2
20030123,GOI TIN DUNG UU DAI 50TR EUR 2017,20,CHO VAY,2003,CHO VAY SXKD KHACH HANG TO CHUC,200301,CHO VAY SXKD THONG THUONG_L4,#CBF3D2
20030124,GOI TIN DUNG 15000 TY 2017 THUC DAY SXKD,20,CHO VAY,2003,CHO VAY SXKD KHACH HANG TO CHUC,200301,CHO VAY SXKD THONG THUONG_L4,#CBF3D2
20030125,GOI TIN DUNG 30000TY DONG HANH CUNG KHDNL,20,CHO VAY,2003,CHO VAY SXKD KHACH HANG TO CHUC,200301,CHO VAY SXKD THONG THUONG_L4,#CBF3D2
20030126,GOI TIN DUNG NH CANH TRANH SME 15000TY,20,CHO VAY,2003,CHO VAY SXKD KHACH HANG TO CHUC,200301,CHO VAY SXKD THONG THUONG_L4,#CBF3D2
20030127,GOI TIN DUNG UU DAI 2000TY KH FDI VVIP 2018,20,CHO VAY,2003,CHO VAY SXKD KHACH HANG TO CHUC,200301,CHO VAY SXKD THONG THUONG_L4,#CBF3D2
20030128,"CHO VAY DAM BAO BANG TG, GTCG",20,CHO VAY,2003,CHO VAY SXKD KHACH HANG TO CHUC,200301,CHO VAY SXKD THONG THUONG_L4,#CBF3D2
20030129,GOI TIN DUNG KHDN 2019,20,CHO VAY,2003,CHO VAY SXKD KHACH HANG TO CHUC,200301,CHO VAY SXKD THONG THUONG_L4,#CBF3D2
20030130,CHO VAY PHAT TRIEN BEN VUNG DN SME,20,CHO VAY,2003,CHO VAY SXKD KHACH HANG TO CHUC,200301,CHO VAY SXKD THONG THUONG_L4,#CBF3D2
20030131,GOI TIN DUNG KHDN 2020,20,CHO VAY,2003,CHO VAY SXKD KHACH HANG TO CHUC,200301,CHO VAY SXKD THONG THUONG_L4,#CBF3D2
20030132,"GOI TD HO TRO KHDN DO THIEN TAI, DICH BENH",20,CHO VAY,2003,CHO VAY SXKD KHACH HANG TO CHUC,200301,CHO VAY SXKD THONG THUONG_L4,#CBF3D2
20030133,CHO VAY DOI TUONG KH MUC TIEU,20,CHO VAY,2003,CHO VAY SXKD KHACH HANG TO CHUC,200301,CHO VAY SXKD THONG THUONG_L4,#CBF3D2
20030134,GOI TIN DUNG KHDN 2021,20,CHO VAY,2003,CHO VAY SXKD KHACH HANG TO CHUC,200301,CHO VAY SXKD THONG THUONG_L4,#CBF3D2
20030135,GOI TD GIAM THIEU TAC DONG COVID 19 CHO WSME,20,CHO VAY,2003,CHO VAY SXKD KHACH HANG TO CHUC,200301,CHO VAY SXKD THONG THUONG_L4,#CBF3D2
20030136,GOI TIN DUNG KHDN 2022,20,CHO VAY,2003,CHO VAY SXKD KHACH HANG TO CHUC,200301,CHO VAY SXKD THONG THUONG_L4,#CBF3D2
20030137,GOI TIN DUNG KHDN 2023,20,CHO VAY,2003,CHO VAY SXKD KHACH HANG TO CHUC,200301,CHO VAY SXKD THONG THUONG_L4,#CBF3D2
20030199,DUMMY_CHO VAY SXKD THONG THUONG,20,CHO VAY,2003,CHO VAY SXKD KHACH HANG TO CHUC,200301,CHO VAY SXKD THONG THUONG_L4,#CBF3D2
20030201,CHO VAY THI CONG XAY LAP,20,CHO VAY,2003,CHO VAY SXKD KHACH HANG TO CHUC,200302,CHO VAY THI CONG XAY LAP_L4,#CBF3D2
20030202,CHO VAY QL1-QL14,20,CHO VAY,2003,CHO VAY SXKD KHACH HANG TO CHUC,200302,CHO VAY THI CONG XAY LAP_L4,#CBF3D2
20030299,DUMMY_CHO VAY THI CONG XAY LAP,20,CHO VAY,2003,CHO VAY SXKD KHACH HANG TO CHUC,200302,CHO VAY THI CONG XAY LAP_L4,#CBF3D2
20030301,CHO VAY THI CONG DONG TAU,20,CHO VAY,2003,CHO VAY SXKD KHACH HANG TO CHUC,200303,CHO VAY SXKD DAC THU,#CBF3D2
20030302,CHO VAY TAI TRO DN DET MAY,20,CHO VAY,2003,CHO VAY SXKD KHACH HANG TO CHUC,200303,CHO VAY SXKD DAC THU,#CBF3D2
20030303,CHO VAY TAI TRO DN DUOC,20,CHO VAY,2003,CHO VAY SXKD KHACH HANG TO CHUC,200303,CHO VAY SXKD DAC THU,#CBF3D2
20030305,CHO VAY TAM TRU GAO VU DONG XUAN 2013,20,CHO VAY,2003,CHO VAY SXKD KHACH HANG TO CHUC,200303,CHO VAY SXKD DAC THU,#CBF3D2
20030309,CHO VAY BUOC NHAY DOANH THU,20,CHO VAY,2003,CHO VAY SXKD KHACH HANG TO CHUC,200303,CHO VAY SXKD DAC THU,#CBF3D2
20030312,CHO VAY HO TRO NGANH THUY SAN 1.11.2013,20,CHO VAY,2003,CHO VAY SXKD KHACH HANG TO CHUC,200303,CHO VAY SXKD DAC THU,#CBF3D2
20030313,TAI TRO CHUOI LIEN KET THUY SAN,20,CHO VAY,2003,CHO VAY SXKD KHACH HANG TO CHUC,200303,CHO VAY SXKD DAC THU,#CBF3D2
20030314,CHO VAY DAU TU TSCD,20,CHO VAY,2003,CHO VAY SXKD KHACH HANG TO CHUC,200303,CHO VAY SXKD DAC THU,#CBF3D2
20030315,BAN NO KHOAN VAY NGAN HAN CHO VAMC,20,CHO VAY,2003,CHO VAY SXKD KHACH HANG TO CHUC,200303,CHO VAY SXKD DAC THU,#CBF3D2
20030316,CHO VAY HO TRO DN KHAC PHUC HAU QUA DO LU LUT_SXKD DN,20,CHO VAY,2003,CHO VAY SXKD KHACH HANG TO CHUC,200303,CHO VAY SXKD DAC THU,#CBF3D2
20030319,CHIET KHAU GTCG_SXKD DN,20,CHO VAY,2003,CHO VAY SXKD KHACH HANG TO CHUC,200303,CHO VAY SXKD DAC THU,#CBF3D2
20030320,TAI TRO DN XANG DAU,20,CHO VAY,2003,CHO VAY SXKD KHACH HANG TO CHUC,200303,CHO VAY SXKD DAC THU,#CBF3D2
20030325,CHO VAY DON VI THANH VIEN TCT XI MANG,20,CHO VAY,2003,CHO VAY SXKD KHACH HANG TO CHUC,200303,CHO VAY SXKD DAC THU,#CBF3D2
20030326,LIEN KET XAY DUNG (4 NHA) LIEN NGAN HANG_SXKD DN,20,CHO VAY,2003,CHO VAY SXKD KHACH HANG TO CHUC,200303,CHO VAY SXKD DAC THU,#CBF3D2
20030327,CHO VAY SXKD DAC THU KHAC,20,CHO VAY,2003,CHO VAY SXKD KHACH HANG TO CHUC,200303,CHO VAY SXKD DAC THU,#CBF3D2
20030328,CHO VAY CHUOI LIEN KET NONG NGHIEP,20,CHO VAY,2003,CHO VAY SXKD KHACH HANG TO CHUC,200303,CHO VAY SXKD DAC THU,#CBF3D2
20030331,TAI TRO CHUOI CUNG UNG LUA GAO,20,CHO VAY,2003,CHO VAY SXKD KHACH HANG TO CHUC,200303,CHO VAY SXKD DAC THU,#CBF3D2
20030332,CHO VAY MUA OTO DANH CHO KHACH HANG TO CHUC,20,CHO VAY,2003,CHO VAY SXKD KHACH HANG TO CHUC,200303,CHO VAY SXKD DAC THU,#CBF3D2
20030334,TAI TRO DAI LY KINH DOANH XE OTO,20,CHO VAY,2003,CHO VAY SXKD KHACH HANG TO CHUC,200303,CHO VAY SXKD DAC THU,#CBF3D2
20030335,CHO VAY DAC THU KH SME,20,CHO VAY,2003,CHO VAY SXKD KHACH HANG TO CHUC,200303,CHO VAY SXKD DAC THU,#CBF3D2
20030336,GOI TIN DUNG UU DAI KHTC CO TG BANG USD,20,CHO VAY,2003,CHO VAY SXKD KHACH HANG TO CHUC,200303,CHO VAY SXKD DAC THU,#CBF3D2
20030337,GOI TIN DUNG VND LS TUONG DUONG USD,20,CHO VAY,2003,CHO VAY SXKD KHACH HANG TO CHUC,200303,CHO VAY SXKD DAC THU,#CBF3D2
20030338,TAI TRO NHA PHAN PHOI VINAMILK,20,CHO VAY,2003,CHO VAY SXKD KHACH HANG TO CHUC,200303,CHO VAY SXKD DAC THU,#CBF3D2
20030339,BAO THANH TOAN TRONG NUOC_OLD,20,CHO VAY,2003,CHO VAY SXKD KHACH HANG TO CHUC,200303,CHO VAY SXKD DAC THU,#CBF3D2
20030340,GOI TIN DUNG KHUYEN KHICH CCS XUAT KHAU,20,CHO VAY,2003,CHO VAY SXKD KHACH HANG TO CHUC,200303,CHO VAY SXKD DAC THU,#CBF3D2
20030399,DUMMY_CHO VAY SXKD DAC THU,20,CHO VAY,2003,CHO VAY SXKD KHACH HANG TO CHUC,200303,CHO VAY SXKD DAC THU,#CBF3D2
20030499,DUMMY_CHO VAY SXKD KHACH HANG TO CHUC,20,CHO VAY,2003,CHO VAY SXKD KHACH HANG TO CHUC,200304,DUMMY_CHO VAY SXKD KH TO CHUC_L4,#CBF3D2
20040102,CHO VAY TAI TRO DU AN THONG THUONG KHAC,20,CHO VAY,2004,CHO VAY TAI TRO DU AN DANH CHO KHACH HANG TO CHUC,200401,CHO VAY TAI TRO DU AN THONG THUONG,#CBF3D2
20040103,CHO VAY MUA MMTB GIAM TON THAT NONG NGHIEP,20,CHO VAY,2004,CHO VAY TAI TRO DU AN DANH CHO KHACH HANG TO CHUC,200401,CHO VAY TAI TRO DU AN THONG THUONG,#CBF3D2
20040105,CHO VAY DU AN BOT MO RONG QUOC LO 1A,20,CHO VAY,2004,CHO VAY TAI TRO DU AN DANH CHO KHACH HANG TO CHUC,200401,CHO VAY TAI TRO DU AN THONG THUONG,#CBF3D2
20040106,GOI TIN DUNG UU DAI TDH CHO KHDN SME DAC THU,20,CHO VAY,2004,CHO VAY TAI TRO DU AN DANH CHO KHACH HANG TO CHUC,200401,CHO VAY TAI TRO DU AN THONG THUONG,#CBF3D2
20040107,CHO VAY TT NANG CAO HIEU QUA SD NANG LUONG,20,CHO VAY,2004,CHO VAY TAI TRO DU AN DANH CHO KHACH HANG TO CHUC,200401,CHO VAY TAI TRO DU AN THONG THUONG,#CBF3D2
20040108,GOI TIN DUNG CANH TRANH 10 NGHIN TY,20,CHO VAY,2004,CHO VAY TAI TRO DU AN DANH CHO KHACH HANG TO CHUC,200401,CHO VAY TAI TRO DU AN THONG THUONG,#CBF3D2
20040109,CHO VAY TTDA CHUOI NUOI CHE BIEN CA TRA,20,CHO VAY,2004,CHO VAY TAI TRO DU AN DANH CHO KHACH HANG TO CHUC,200401,CHO VAY TAI TRO DU AN THONG THUONG,#CBF3D2
20040110,CHO VAY DU AN BOT (BUILT-OPERATION-TRANSFER),20,CHO VAY,2004,CHO VAY TAI TRO DU AN DANH CHO KHACH HANG TO CHUC,200401,CHO VAY TAI TRO DU AN THONG THUONG,#CBF3D2
20040111,CHO VAY DU AN BT (BUILT-TRANSFER),20,CHO VAY,2004,CHO VAY TAI TRO DU AN DANH CHO KHACH HANG TO CHUC,200401,CHO VAY TAI TRO DU AN THONG THUONG,#CBF3D2
20040112,TAI TRO DAI LY KINH DOANH XE OTO_TTDA,20,CHO VAY,2004,CHO VAY TAI TRO DU AN DANH CHO KHACH HANG TO CHUC,200401,CHO VAY TAI TRO DU AN THONG THUONG,#CBF3D2
20040199,DUMMY_CHO VAY TAI TRO DU AN THONG THUONG,20,CHO VAY,2004,CHO VAY TAI TRO DU AN DANH CHO KHACH HANG TO CHUC,200401,CHO VAY TAI TRO DU AN THONG THUONG,#CBF3D2
20040201,CHO VAY DAU TU DU AN THUY DIEN,20,CHO VAY,2004,CHO VAY TAI TRO DU AN DANH CHO KHACH HANG TO CHUC,200402,CHO VAY DAU TU DU AN THUY DIEN_L4,#CBF3D2
20040301,CHO VAY DAU TU DU AN SAN XUAT XI MANG,20,CHO VAY,2004,CHO VAY TAI TRO DU AN DANH CHO KHACH HANG TO CHUC,200403,CHO VAY DAU TU DU AN SAN XUAT VLXD,#CBF3D2
20040302,CHO VAY DAU TU DU AN SAN XUAT THEP,20,CHO VAY,2004,CHO VAY TAI TRO DU AN DANH CHO KHACH HANG TO CHUC,200403,CHO VAY DAU TU DU AN SAN XUAT VLXD,#CBF3D2
20040303,CHO VAY DAU TU DU AN SAN XUAT VLXD KHAC,20,CHO VAY,2004,CHO VAY TAI TRO DU AN DANH CHO KHACH HANG TO CHUC,200403,CHO VAY DAU TU DU AN SAN XUAT VLXD,#CBF3D2
20040399,DUMMY_CHO VAY DAU TU DU AN SAN XUAT VLXD,20,CHO VAY,2004,CHO VAY TAI TRO DU AN DANH CHO KHACH HANG TO CHUC,200403,CHO VAY DAU TU DU AN SAN XUAT VLXD,#CBF3D2
20040401,CHO VAY DAU TU DU AN BDS,20,CHO VAY,2004,CHO VAY TAI TRO DU AN DANH CHO KHACH HANG TO CHUC,200404,CHO VAY DAU TU DU AN BDS_L4,#CBF3D2
20040402,CHO VAY DU AN NHA O XA HOI,20,CHO VAY,2004,CHO VAY TAI TRO DU AN DANH CHO KHACH HANG TO CHUC,200404,CHO VAY DAU TU DU AN BDS_L4,#CBF3D2
20040403,CHO VAY DA NHA O TM CHUYEN DOI CONG NANG,20,CHO VAY,2004,CHO VAY TAI TRO DU AN DANH CHO KHACH HANG TO CHUC,200404,CHO VAY DAU TU DU AN BDS_L4,#CBF3D2
20040404,CHO VAY DU AN NHA O THU NHAP THAP ,20,CHO VAY,2004,CHO VAY TAI TRO DU AN DANH CHO KHACH HANG TO CHUC,200404,CHO VAY DAU TU DU AN BDS_L4,#CBF3D2
20040405,TAI TRO CHUOI LIEN KET BDS,20,CHO VAY,2004,CHO VAY TAI TRO DU AN DANH CHO KHACH HANG TO CHUC,200404,CHO VAY DAU TU DU AN BDS_L4,#CBF3D2
20040406,LIEN KET XAY DUNG (4 NHA) LIEN NH_DAU TU DA BDS,20,CHO VAY,2004,CHO VAY TAI TRO DU AN DANH CHO KHACH HANG TO CHUC,200404,CHO VAY DAU TU DU AN BDS_L4,#CBF3D2
20040499,DUMMY_CHO VAY DAU TU DU AN BDS,20,CHO VAY,2004,CHO VAY TAI TRO DU AN DANH CHO KHACH HANG TO CHUC,200404,CHO VAY DAU TU DU AN BDS_L4,#CBF3D2
20040501,CHO VAY TAI TRO DOANH NGHIEP DET MAY,20,CHO VAY,2004,CHO VAY TAI TRO DU AN DANH CHO KHACH HANG TO CHUC,200405,CHO VAY TAI TRO DU AN DAC THU,#CBF3D2
20040502,"CHO VAY HO TRO SAU THU HOACH LINH VUC NONG, THUY SAN",20,CHO VAY,2004,CHO VAY TAI TRO DU AN DANH CHO KHACH HANG TO CHUC,200405,CHO VAY TAI TRO DU AN DAC THU,#CBF3D2
20040504,TAI TRO DN DUOC,20,CHO VAY,2004,CHO VAY TAI TRO DU AN DANH CHO KHACH HANG TO CHUC,200405,CHO VAY TAI TRO DU AN DAC THU,#CBF3D2
20040508,"BAN NO KV TRUNG, DAI HAN CHO VAMC",20,CHO VAY,2004,CHO VAY TAI TRO DU AN DANH CHO KHACH HANG TO CHUC,200405,CHO VAY TAI TRO DU AN DAC THU,#CBF3D2
20040510,CHO VAY MUA O TO,20,CHO VAY,2004,CHO VAY TAI TRO DU AN DANH CHO KHACH HANG TO CHUC,200405,CHO VAY TAI TRO DU AN DAC THU,#CBF3D2
20040511,LIEN KET XAY DUNG (4 NHA) LIEN NGAN HANG_TTDA DAC THU,20,CHO VAY,2004,CHO VAY TAI TRO DU AN DANH CHO KHACH HANG TO CHUC,200405,CHO VAY TAI TRO DU AN DAC THU,#CBF3D2
20040512,CHO VAY TAI TRO DU AN DAC THU KHAC,20,CHO VAY,2004,CHO VAY TAI TRO DU AN DANH CHO KHACH HANG TO CHUC,200405,CHO VAY TAI TRO DU AN DAC THU,#CBF3D2
20040514,CHO VAY PT THUY SAN 3000 TY THEO ND67,20,CHO VAY,2004,CHO VAY TAI TRO DU AN DANH CHO KHACH HANG TO CHUC,200405,CHO VAY TAI TRO DU AN DAC THU,#CBF3D2
20040516,HO TRO KHDN BI THIET HAI DO BAO LOAN,20,CHO VAY,2004,CHO VAY TAI TRO DU AN DANH CHO KHACH HANG TO CHUC,200405,CHO VAY TAI TRO DU AN DAC THU,#CBF3D2
20040599,DUMMY_CHO VAY TAI TRO DU AN DAC THU,20,CHO VAY,2004,CHO VAY TAI TRO DU AN DANH CHO KHACH HANG TO CHUC,200405,CHO VAY TAI TRO DU AN DAC THU,#CBF3D2
20040699,DUMMY_CHO VAY TAI TRO DU AN DANH CHO KHDN,20,CHO VAY,2004,CHO VAY TAI TRO DU AN DANH CHO KHACH HANG TO CHUC,200406,DUMMY_CHO VAY TTDA DANH CHO KH TO CHUC_L4,#CBF3D2
20050101,CHO VAY TAI TRO NK BANG NGUON VON VAY THEO CO CHE HO TRO XK,20,CHO VAY,2005,CHO VAY TAI TRO THUONG MAI,200501,CHO VAY TAI TRO NHAP KHAU,#CBF3D2
20050102,CHO VAY TAI TRO NHAP KHAU DAM BAO BANG LO HANG NHAP,20,CHO VAY,2005,CHO VAY TAI TRO THUONG MAI,200501,CHO VAY TAI TRO NHAP KHAU,#CBF3D2
20050104,CHO VAY TAI TRO NHAP KHAU KHAC,20,CHO VAY,2005,CHO VAY TAI TRO THUONG MAI,200501,CHO VAY TAI TRO NHAP KHAU,#CBF3D2
20050199,DUMMY_CHO VAY TAI TRO NHAP KHAU,20,CHO VAY,2005,CHO VAY TAI TRO THUONG MAI,200501,CHO VAY TAI TRO NHAP KHAU,#CBF3D2
20050201,TAI TRO XUAT KHAU CAO SU,20,CHO VAY,2005,CHO VAY TAI TRO THUONG MAI,200502,CHO VAY TAI TRO XUAT KHAU,#CBF3D2
20050202,TAI TRO XUAT KHAU CA PHE,20,CHO VAY,2005,CHO VAY TAI TRO THUONG MAI,200502,CHO VAY TAI TRO XUAT KHAU,#CBF3D2
20050203,TAI TRO XUAT KHAU GAO,20,CHO VAY,2005,CHO VAY TAI TRO THUONG MAI,200502,CHO VAY TAI TRO XUAT KHAU,#CBF3D2
20050204,TAI TRO XUAT KHAU GO,20,CHO VAY,2005,CHO VAY TAI TRO THUONG MAI,200502,CHO VAY TAI TRO XUAT KHAU,#CBF3D2
20050209,CHO VAY CK HOI PHIEU DOI NO KEM BO CHUNG TU HANG XUAT ,20,CHO VAY,2005,CHO VAY TAI TRO THUONG MAI,200502,CHO VAY TAI TRO XUAT KHAU,#CBF3D2
20050210,TAI TRO XUAT KHAU TRON GOI,20,CHO VAY,2005,CHO VAY TAI TRO THUONG MAI,200502,CHO VAY TAI TRO XUAT KHAU,#CBF3D2
20050211,GOI TIN DUNG UU DAI XUAT KHAU 2012,20,CHO VAY,2005,CHO VAY TAI TRO THUONG MAI,200502,CHO VAY TAI TRO XUAT KHAU,#CBF3D2
20050213,TAI TRO XUAT KHAU KHAC,20,CHO VAY,2005,CHO VAY TAI TRO THUONG MAI,200502,CHO VAY TAI TRO XUAT KHAU,#CBF3D2
20050214,CHO VAY THUC HIEN HOP DONG XUAT KHAU,20,CHO VAY,2005,CHO VAY TAI TRO THUONG MAI,200502,CHO VAY TAI TRO XUAT KHAU,#CBF3D2
20050215,TAI TRO CHUOI CUNG UNG LUA GAO_TAI TRO XK,20,CHO VAY,2005,CHO VAY TAI TRO THUONG MAI,200502,CHO VAY TAI TRO XUAT KHAU,#CBF3D2
20050216,CHO VAY UU DAI KH XNK GOI 100TR USD 2017,20,CHO VAY,2005,CHO VAY TAI TRO THUONG MAI,200502,CHO VAY TAI TRO XUAT KHAU,#CBF3D2
20050299,DUMMY_CHO VAY TAI TRO XUAT KHAU,20,CHO VAY,2005,CHO VAY TAI TRO THUONG MAI,200502,CHO VAY TAI TRO XUAT KHAU,#CBF3D2
20050399,DUMMY_CHO VAY TAI TRO THUONG MAI,20,CHO VAY,2005,CHO VAY TAI TRO THUONG MAI,200503,DUMMY_CHO VAY TAI TRO THUONG MAI_L4,#CBF3D2
20060201,CHO VAY UNG TRUOC TIEN BAN CHUNG KHOAN,20,CHO VAY,2006,CHO VAY KINH DOANH CHUNG KHOAN,200602,CHO VAY UNG TRUOC TIEN BAN CHUNG KHOAN_L4,#CBF3D2
20060302,CHO VAY CBCNV MUA CP LAN DAU TAI CAC DNNN CPH,20,CHO VAY,2006,CHO VAY KINH DOANH CHUNG KHOAN,200603,CHO VAY CAM CO CHUNG KHOAN,#CBF3D2
20060303,CHO VAY MUA CO PHIEU BIDV IPO,20,CHO VAY,2006,CHO VAY KINH DOANH CHUNG KHOAN,200603,CHO VAY CAM CO CHUNG KHOAN,#CBF3D2
20060304,CHO VAY CAM CO CHUNG KHOAN KHAC,20,CHO VAY,2006,CHO VAY KINH DOANH CHUNG KHOAN,200603,CHO VAY CAM CO CHUNG KHOAN,#CBF3D2
20060399,DUMMY_CHO VAY CAM CO CHUNG KHOAN,20,CHO VAY,2006,CHO VAY KINH DOANH CHUNG KHOAN,200603,CHO VAY CAM CO CHUNG KHOAN,#CBF3D2
20060401,CHO VAY KD CK DAM BAO BANG TG KH TAI BIDV,20,CHO VAY,2006,CHO VAY KINH DOANH CHUNG KHOAN,200604,CHO VAY KD CHUNG KHOAN DAM BAO 100% BANG TIEN GUI_L4,#CBF3D2
20060601,CHO VAY KINH DOANH CHUNG KHOAN KHAC,20,CHO VAY,2006,CHO VAY KINH DOANH CHUNG KHOAN,200606,CHO VAY KINH DOANH CHUNG KHOAN KHAC_L4,#CBF3D2
20060602,CHO VAY MERGIN CHUNG KHOAN,20,CHO VAY,2006,CHO VAY KINH DOANH CHUNG KHOAN,200606,CHO VAY KINH DOANH CHUNG KHOAN KHAC_L4,#CBF3D2
20060699,DUMMY_CHO VAY KINH DOANH CHUNG KHOAN KHAC,20,CHO VAY,2006,CHO VAY KINH DOANH CHUNG KHOAN,200606,CHO VAY KINH DOANH CHUNG KHOAN KHAC_L4,#CBF3D2
20060799,DUMMY_CHO VAY KINH DOANH CHUNG KHOAN,20,CHO VAY,2006,CHO VAY KINH DOANH CHUNG KHOAN,200607,DUMMY_CHO VAY KINH DOANH CHUNG KHOAN_L4,#CBF3D2
20070101,CHO VAY TU NGUON UY THAC WORLD BANK,20,CHO VAY,2007,CHO VAY TU NGUON VON UY THAC CHIU RUI RO,200701,CHO VAY TU NGUON VON UY THAC CHIU RUI RO_L4,#CBF3D2
20070102,CHO VAY TU NGUON UY THAC ADB,20,CHO VAY,2007,CHO VAY TU NGUON VON UY THAC CHIU RUI RO,200701,CHO VAY TU NGUON VON UY THAC CHIU RUI RO_L4,#CBF3D2
20070105,CHO VAY TU NGUON UY THAC NIB,20,CHO VAY,2007,CHO VAY TU NGUON VON UY THAC CHIU RUI RO,200701,CHO VAY TU NGUON VON UY THAC CHIU RUI RO_L4,#CBF3D2
20070112,CHO VAY TU NGUON VON UY THAC RR KHAC,20,CHO VAY,2007,CHO VAY TU NGUON VON UY THAC CHIU RUI RO,200701,CHO VAY TU NGUON VON UY THAC CHIU RUI RO_L4,#CBF3D2
20070199,DUMMY_CHO VAY TU NGUON VON UY THAC CHIU RR,20,CHO VAY,2007,CHO VAY TU NGUON VON UY THAC CHIU RUI RO,200701,CHO VAY TU NGUON VON UY THAC CHIU RUI RO_L4,#CBF3D2
20080101,CHO VAY CHI DINH,20,CHO VAY,2008,CHO VAY DAC BIET,200801,CHO VAY CHI DINH_L4,#CBF3D2
20080201,CHO VAY KE HOACH NHA NUOC,20,CHO VAY,2008,CHO VAY DAC BIET,200802,CHO VAY KE HOACH NHA NUOC_L4,#CBF3D2
20080301,CHO VAY DAC BIET KHAC,20,CHO VAY,2008,CHO VAY DAC BIET,200803,CHO VAY DAC BIET KHAC_L4,#CBF3D2
20080302,CHO VAY TU NGUON VON UT CUA TCKT TRONG NUOC KCRR,20,CHO VAY,2008,CHO VAY DAC BIET,200803,CHO VAY DAC BIET KHAC_L4,#CBF3D2
20080303,CHO VAY TU NGUON VON UT CUA TCTD TRONG NUOC KCRR,20,CHO VAY,2008,CHO VAY DAC BIET,200803,CHO VAY DAC BIET KHAC_L4,#CBF3D2
20080304,CHO VAY TU NGUON VON UT CUA CHINH PHU KCRR,20,CHO VAY,2008,CHO VAY DAC BIET,200803,CHO VAY DAC BIET KHAC_L4,#CBF3D2
20080305,CHO VAY NGHIEP VU NHDL KCRR,20,CHO VAY,2008,CHO VAY DAC BIET,200803,CHO VAY DAC BIET KHAC_L4,#CBF3D2
20080306,NO TON DONG NHOM II THEO QD149,20,CHO VAY,2008,CHO VAY DAC BIET,200803,CHO VAY DAC BIET KHAC_L4,#CBF3D2
20080307,NO DA XU LY NHAN BAN GIAO TU MHB,20,CHO VAY,2008,CHO VAY DAC BIET,200803,CHO VAY DAC BIET KHAC_L4,#CBF3D2
20080399,DUMMY_CHO VAY DAC BIET KHAC,20,CHO VAY,2008,CHO VAY DAC BIET,200803,CHO VAY DAC BIET KHAC_L4,#CBF3D2
20090105,CHO VAY CHINH PHU CPC DA CAU LONG BINH CHREYTHOM,20,CHO VAY,2008,CHO VAY DAC BIET,200804,CHO VAY CHINH PHU NUOC NGOAI_L4,#CBF3D2
20090106,CHO VAY CHINH PHU LAO DA DUONG GIAO THONG TINH HUAPHAN,20,CHO VAY,2008,CHO VAY DAC BIET,200804,CHO VAY CHINH PHU NUOC NGOAI_L4,#CBF3D2
20080499,DUMMY_CHO VAY CHINH PHU NUOC NGOAI,20,CHO VAY,2008,CHO VAY DAC BIET,200804,CHO VAY CHINH PHU NUOC NGOAI_L4,#CBF3D2
20080599,DUMMY_CHO VAY DAC BIET,20,CHO VAY,2008,CHO VAY DAC BIET,200805,DUMMY_CHO VAY DAC BIET_L4,#CBF3D2
20090101,CHO VAY KH DCTC KHONG PHAI TCTD,20,CHO VAY,2009,CHO VAY DCTC,200901,CHO VAY DCTC_L4,#CBF3D2
20090104,CHO VAY KHAC_DCTC,20,CHO VAY,2009,CHO VAY DCTC,200901,CHO VAY DCTC_L4,#CBF3D2
20090199,DUMMY_CHO VAY DCTC,20,CHO VAY,2009,CHO VAY DCTC,200901,CHO VAY DCTC_L4,#CBF3D2
20100101,TRAI PHIEU SAN SANG DE BAN,20,CHO VAY,2010,DAU TU TRAI PHIEU DN,201001,TRAI PHIEU SAN SANG DE BAN_L4,#CBF3D2
20100201,TRAI PHIEU GIU DEN NGAY DAO HAN,20,CHO VAY,2010,DAU TU TRAI PHIEU DN,201002,TRAI PHIEU GIU DEN NGAY DAO HAN_L4,#CBF3D2
20100399,DUMMY_DAU TU TRAI PHIEU DN,20,CHO VAY,2010,DAU TU TRAI PHIEU DN,201003,DUMMY_DAU TU TRAI PHIEU DN_L4,#CBF3D2
20110101,CHO VAY KHAC,20,CHO VAY,2011,CHO VAY KHAC_L3,201101,CHO VAY KHAC_L4,#CBF3D2
20120101,CHO VAY THAU CHI,20,CHO VAY,2012,CHO VAY THAU CHI_L3,201201,CHO VAY THAU CHI_L4,#CBF3D2
20120102,CHO VAY THAU CHI CAM CO KHAC,20,CHO VAY,2012,CHO VAY THAU CHI_L3,201201,CHO VAY THAU CHI_L4,#CBF3D2
20120103,CHO VAY THAU CHI TIEU DUNG KHONG CO TSDB,20,CHO VAY,2012,CHO VAY THAU CHI_L3,201201,CHO VAY THAU CHI_L4,#CBF3D2
20120104,CHO VAY THAU CHI TIEU DUNG DAM BAO BANG BDS,20,CHO VAY,2012,CHO VAY THAU CHI_L3,201201,CHO VAY THAU CHI_L4,#CBF3D2
20120105,CHO VAY THAU CHI SXKD,20,CHO VAY,2012,CHO VAY THAU CHI_L3,201201,CHO VAY THAU CHI_L4,#CBF3D2
20120106,CHO VAY THAU CHI KHAC,20,CHO VAY,2012,CHO VAY THAU CHI_L3,201201,CHO VAY THAU CHI_L4,#CBF3D2
20120107,CHO VAY THAU CHI CAM CO ONLINE,20,CHO VAY,2012,CHO VAY THAU CHI_L3,201201,CHO VAY THAU CHI_L4,#CBF3D2
20120108,CHO VAY QUICKLOAN,20,CHO VAY,2012,CHO VAY THAU CHI_L3,201201,CHO VAY THAU CHI_L4,#CBF3D2
20120399,DUMMY_CHO VAY THAU CHI,20,CHO VAY,2012,CHO VAY THAU CHI_L3,201203,DUMMY_CHO VAY THAU CHI_L4,#CBF3D2
20130199,DUMMY_CHO VAY,20,CHO VAY,2013,DUMMY_CHO VAY_L3,201301,DUMMY_CHO VAY_L4,#CBF3D2
21010101,TIEN GUI THANH TOAN THONG THUONG,21,TIEN GUI VA CAC CONG CU NO,2101,TIEN GUI KHONG KY HAN,210101,TIEN GUI KKH THONG THUONG,#FFE5B4
21010103,TIEN GUI KY QUY THONG THUONG,21,TIEN GUI VA CAC CONG CU NO,2101,TIEN GUI KHONG KY HAN,210101,TIEN GUI KKH THONG THUONG,#FFE5B4
21010110,TIEN GUI THANH TOAN GOI EKYC,21,TIEN GUI VA CAC CONG CU NO,2101,TIEN GUI KHONG KY HAN,210101,TIEN GUI KKH THONG THUONG,#FFE5B4
21010111,TG TTDV BDG QNINH,21,TIEN GUI VA CAC CONG CU NO,2101,TIEN GUI KHONG KY HAN,210101,TIEN GUI KKH THONG THUONG,#FFE5B4
21010128,TG CUC DANG KIEM,21,TIEN GUI VA CAC CONG CU NO,2101,TIEN GUI KHONG KY HAN,210101,TIEN GUI KKH THONG THUONG,#FFE5B4
21010129,TG KHONG LAI POS NSNN,21,TIEN GUI VA CAC CONG CU NO,2101,TIEN GUI KHONG KY HAN,210101,TIEN GUI KKH THONG THUONG,#FFE5B4
21010199,DUMMY_TIEN GUI THANH TOAN,21,TIEN GUI VA CAC CONG CU NO,2101,TIEN GUI KHONG KY HAN,210101,TIEN GUI KKH THONG THUONG,#FFE5B4
21010102,TIEN GUI KINH DOANH CHUNG KHOAN,21,TIEN GUI VA CAC CONG CU NO,2101,TIEN GUI KHONG KY HAN,210104,TIEN GUI KKH DAC THU,#FFE5B4
21010104,TIEN GUI VON CHUYEN DUNG,21,TIEN GUI VA CAC CONG CU NO,2101,TIEN GUI KHONG KY HAN,210104,TIEN GUI KKH DAC THU,#FFE5B4
21010105,TIEN GUI THANH TOAN BU TRU MASTER CARD,21,TIEN GUI VA CAC CONG CU NO,2101,TIEN GUI KHONG KY HAN,210104,TIEN GUI KKH DAC THU,#FFE5B4
21010106,TIEN GUI THANH TOAN KHONG TRA LAI,21,TIEN GUI VA CAC CONG CU NO,2101,TIEN GUI KHONG KY HAN,210104,TIEN GUI KKH DAC THU,#FFE5B4
21010107,TIEN GUI KHO BAC NHA NUOC,21,TIEN GUI VA CAC CONG CU NO,2101,TIEN GUI KHONG KY HAN,210104,TIEN GUI KKH DAC THU,#FFE5B4
21010108,TIEN GUI NOP THUE DIEN TU,21,TIEN GUI VA CAC CONG CU NO,2101,TIEN GUI KHONG KY HAN,210104,TIEN GUI KKH DAC THU,#FFE5B4
21010109,TIEN GUI CHUYEN DUNG LAM TRUNG GIAN THANH TOAN,21,TIEN GUI VA CAC CONG CU NO,2101,TIEN GUI KHONG KY HAN,210104,TIEN GUI KKH DAC THU,#FFE5B4
21010112,TIEN GUI KY QUY GIAO DICH HOP DONG HANG HOA TUONG LAI,21,TIEN GUI VA CAC CONG CU NO,2101,TIEN GUI KHONG KY HAN,210104,TIEN GUI KKH DAC THU,#FFE5B4
21010113,TIEN GUI TCTD THAM GIA BANKNET,21,TIEN GUI VA CAC CONG CU NO,2101,TIEN GUI KHONG KY HAN,210104,TIEN GUI KKH DAC THU,#FFE5B4
21010114,TIEN GUI THANH TOAN BU TRU GIAO DICH CHUNG KHOAN,21,TIEN GUI VA CAC CONG CU NO,2101,TIEN GUI KHONG KY HAN,210104,TIEN GUI KKH DAC THU,#FFE5B4
21010115,TAI KHOAN TRUNG GIAN BANKPLUS,21,TIEN GUI VA CAC CONG CU NO,2101,TIEN GUI KHONG KY HAN,210104,TIEN GUI KKH DAC THU,#FFE5B4
21010116,TIEN GUI CAM CO,21,TIEN GUI VA CAC CONG CU NO,2101,TIEN GUI KHONG KY HAN,210104,TIEN GUI KKH DAC THU,#FFE5B4
21010117,TIEN GUI HKD,21,TIEN GUI VA CAC CONG CU NO,2101,TIEN GUI KHONG KY HAN,210104,TIEN GUI KKH DAC THU,#FFE5B4
21010118,TIEN GUI TICH LUY KIEU HOI,21,TIEN GUI VA CAC CONG CU NO,2101,TIEN GUI KHONG KY HAN,210104,TIEN GUI KKH DAC THU,#FFE5B4
21010119,TIEN GUI THANH TOAN DAC THU KHAC,21,TIEN GUI VA CAC CONG CU NO,2101,TIEN GUI KHONG KY HAN,210104,TIEN GUI KKH DAC THU,#FFE5B4
21010120,TIEN GUI DAC THU DANH CHO VINACOMIN,21,TIEN GUI VA CAC CONG CU NO,2101,TIEN GUI KHONG KY HAN,210104,TIEN GUI KKH DAC THU,#FFE5B4
21010121,TIEN GUI NGUON VON UY THAC NUOC NGOAI,21,TIEN GUI VA CAC CONG CU NO,2101,TIEN GUI KHONG KY HAN,210104,TIEN GUI KKH DAC THU,#FFE5B4
21010122,TIEN GUI KY QUY DAC THU KKH,21,TIEN GUI VA CAC CONG CU NO,2101,TIEN GUI KHONG KY HAN,210104,TIEN GUI KKH DAC THU,#FFE5B4
21010123,TIEN GUI THANH TOAN QUAN LY THAU CHI,21,TIEN GUI VA CAC CONG CU NO,2101,TIEN GUI KHONG KY HAN,210104,TIEN GUI KKH DAC THU,#FFE5B4
21010124,TIEN GUI TT THONG THUONG_THE GHI NO ND,21,TIEN GUI VA CAC CONG CU NO,2101,TIEN GUI KHONG KY HAN,210104,TIEN GUI KKH DAC THU,#FFE5B4
21010125,TIEN GUI THANH TOAN DAC THU CHO BQL CT NHA O CONG SO VA BQT TOA NHA CHUNG CU,21,TIEN GUI VA CAC CONG CU NO,2101,TIEN GUI KHONG KY HAN,210104,TIEN GUI KKH DAC THU,#FFE5B4
21010126,TIEN GUI THANH TOAN BO TAI CHINH,21,TIEN GUI VA CAC CONG CU NO,2101,TIEN GUI KHONG KY HAN,210104,TIEN GUI KKH DAC THU,#FFE5B4
21010127,TIEN GUI THANH TOAN NGAN HANG NHA NUOC,21,TIEN GUI VA CAC CONG CU NO,2101,TIEN GUI KHONG KY HAN,210104,TIEN GUI KKH DAC THU,#FFE5B4
21010499,DUMMY_TIEN GUI KKH DAC THU,21,TIEN GUI VA CAC CONG CU NO,2101,TIEN GUI KHONG KY HAN,210104,TIEN GUI KKH DAC THU,#FFE5B4
21010201,TIEN GUI TIET KIEM KHONG KY HAN,21,TIEN GUI VA CAC CONG CU NO,2101,TIEN GUI KHONG KY HAN,210102,TIEN GUI TIET KIEM KHONG KY HAN_L4,#FFE5B4
21010399,DUMMY_TIEN GUI KHONG KY HAN,21,TIEN GUI VA CAC CONG CU NO,2101,TIEN GUI KHONG KY HAN,210103,DUMMY_TIEN GUI KHONG KY HAN_L4,#FFE5B4
21020101,TIEN GUI CO KY HAN THONG THUONG,21,TIEN GUI VA CAC CONG CU NO,2102,TIEN GUI CO KY HAN,210201,TIEN GUI CO KY HAN THONG THUONG_L4,#FFE5B4
21020103,TIEN GUI CO KY HAN KHAC (SP NGUNG TRIEN KHAI CON SO DU),21,TIEN GUI VA CAC CONG CU NO,2102,TIEN GUI CO KY HAN,210201,TIEN GUI CO KY HAN THONG THUONG_L4,#FFE5B4
21020104,TIEN GUI KY QUY DAC THU CKH,21,TIEN GUI VA CAC CONG CU NO,2102,TIEN GUI CO KY HAN,210201,TIEN GUI CO KY HAN THONG THUONG_L4,#FFE5B4
21020105,TIEN GUI CO KY HAN CAP BU,21,TIEN GUI VA CAC CONG CU NO,2102,TIEN GUI CO KY HAN,210201,TIEN GUI CO KY HAN THONG THUONG_L4,#FFE5B4
21020106,TIEN GUI NHU Y CAP BU,21,TIEN GUI VA CAC CONG CU NO,2102,TIEN GUI CO KY HAN,210201,TIEN GUI CO KY HAN THONG THUONG_L4,#FFE5B4
21020199,DUMMY_TIEN GUI CO KY HAN THONG THUONG,21,TIEN GUI VA CAC CONG CU NO,2102,TIEN GUI CO KY HAN,210201,TIEN GUI CO KY HAN THONG THUONG_L4,#FFE5B4
21020201,TIEN GUI DAC THU DANH CHO VALC,21,TIEN GUI VA CAC CONG CU NO,2102,TIEN GUI CO KY HAN,210202,TIEN GUI CO KY HAN DAC THU,#FFE5B4
21020202,TIEN GUI NHU Y,21,TIEN GUI VA CAC CONG CU NO,2102,TIEN GUI CO KY HAN,210202,TIEN GUI CO KY HAN DAC THU,#FFE5B4
21020203,TIEN GUI DAC THU DANH CHO BHXH,21,TIEN GUI VA CAC CONG CU NO,2102,TIEN GUI CO KY HAN,210202,TIEN GUI CO KY HAN DAC THU,#FFE5B4
21020204,TIEN GUI DAC THU DANH CHO CONG TY XO SO,21,TIEN GUI VA CAC CONG CU NO,2102,TIEN GUI CO KY HAN,210202,TIEN GUI CO KY HAN DAC THU,#FFE5B4
21020205,TIEN GUI TICH LUY TU DONG,21,TIEN GUI VA CAC CONG CU NO,2102,TIEN GUI CO KY HAN,210202,TIEN GUI CO KY HAN DAC THU,#FFE5B4
21020206,TIEN GUI DAC THU DANH CHO QUY TICH LUY,21,TIEN GUI VA CAC CONG CU NO,2102,TIEN GUI CO KY HAN,210202,TIEN GUI CO KY HAN DAC THU,#FFE5B4
21020207,TIEN GUI QUYEN CHON,21,TIEN GUI VA CAC CONG CU NO,2102,TIEN GUI CO KY HAN,210202,TIEN GUI CO KY HAN DAC THU,#FFE5B4
21020208,TIEN GUI CA NHAN XUAT KHAU LAO DONG,21,TIEN GUI VA CAC CONG CU NO,2102,TIEN GUI CO KY HAN,210202,TIEN GUI CO KY HAN DAC THU,#FFE5B4
21020209,TIEN GUI CKH DAC THU CHO BQL CT NHA O CONG SO VA BQT TOA NHA CHUNG CU,21,TIEN GUI VA CAC CONG CU NO,2102,TIEN GUI CO KY HAN,210202,TIEN GUI CO KY HAN DAC THU,#FFE5B4
21020210,TIEN GUI NGOAI TE DAM BAO CHO GOI VAY UU DAI,21,TIEN GUI VA CAC CONG CU NO,2102,TIEN GUI CO KY HAN,210202,TIEN GUI CO KY HAN DAC THU,#FFE5B4
21020211,TIEN GUI CKH KHO BAC NHA NUOC,21,TIEN GUI VA CAC CONG CU NO,2102,TIEN GUI CO KY HAN,210202,TIEN GUI CO KY HAN DAC THU,#FFE5B4
21020212,TIEN GUI DAU TU LINH HOAT,21,TIEN GUI VA CAC CONG CU NO,2102,TIEN GUI CO KY HAN,210202,TIEN GUI CO KY HAN DAC THU,#FFE5B4
21020213,TG CKH NGUON VON UY THAC NUOC NGOAI,21,TIEN GUI VA CAC CONG CU NO,2102,TIEN GUI CO KY HAN,210202,TIEN GUI CO KY HAN DAC THU,#FFE5B4
21020214,TG CKH DAC THU KHAC,21,TIEN GUI VA CAC CONG CU NO,2102,TIEN GUI CO KY HAN,210202,TIEN GUI CO KY HAN DAC THU,#FFE5B4
21020215,TIEN GUI CKH BO TAI CHINH,21,TIEN GUI VA CAC CONG CU NO,2102,TIEN GUI CO KY HAN,210202,TIEN GUI CO KY HAN DAC THU,#FFE5B4
21020216,TIEN GUI DAC THU DANH CHO VP TINH UY,21,TIEN GUI VA CAC CONG CU NO,2102,TIEN GUI CO KY HAN,210202,TIEN GUI CO KY HAN DAC THU,#FFE5B4
21020299,DUMMY_TIEN GUI CO KY HAN DAC THU,21,TIEN GUI VA CAC CONG CU NO,2102,TIEN GUI CO KY HAN,210202,TIEN GUI CO KY HAN DAC THU,#FFE5B4
21020301,TIET KIEM CO KY HAN LAI SUAT CO DINH,21,TIEN GUI VA CAC CONG CU NO,2102,TIEN GUI CO KY HAN,210203,TIEN GUI TIET KIEM CO KY HAN,#FFE5B4
21020303,TIET KIEM CO KY HAN RUT GOC LINH HOAT,21,TIEN GUI VA CAC CONG CU NO,2102,TIEN GUI CO KY HAN,210203,TIEN GUI TIET KIEM CO KY HAN,#FFE5B4
21020308,TIET KIEM RUT DAN,21,TIEN GUI VA CAC CONG CU NO,2102,TIEN GUI CO KY HAN,210203,TIEN GUI TIET KIEM CO KY HAN,#FFE5B4
21020312,TIEN GUI DANH CHO KHACH HANG QUAN TRONG,21,TIEN GUI VA CAC CONG CU NO,2102,TIEN GUI CO KY HAN,210203,TIEN GUI TIET KIEM CO KY HAN,#FFE5B4
21020317,TIET KIEM CKH LAI SUAT BAC THANG THEO SO DU,21,TIEN GUI VA CAC CONG CU NO,2102,TIEN GUI CO KY HAN,210203,TIEN GUI TIET KIEM CO KY HAN,#FFE5B4
21020318,TIEN GUI TIET KIEM CO KY HAN CAP BU,21,TIEN GUI VA CAC CONG CU NO,2102,TIEN GUI CO KY HAN,210203,TIEN GUI TIET KIEM CO KY HAN,#FFE5B4
21020319,TIEN GUI TICH LUY MUA NHA,21,TIEN GUI VA CAC CONG CU NO,2102,TIEN GUI CO KY HAN,210203,TIEN GUI TIET KIEM CO KY HAN,#FFE5B4
21020399,DUMMY_TG TIET KIEM CO KY HAN,21,TIEN GUI VA CAC CONG CU NO,2102,TIEN GUI CO KY HAN,210203,TIEN GUI TIET KIEM CO KY HAN,#FFE5B4
21020499,DUMMY_TIEN GUI CO KY HAN,21,TIEN GUI VA CAC CONG CU NO,2102,TIEN GUI CO KY HAN,210204,DUMMY_TIEN GUI CO KY HAN_L4,#FFE5B4
21020309,TIEN GUI TIET KIEM BAO LOC,21,TIEN GUI VA CAC CONG CU NO,2102,TIEN GUI CO KY HAN,210205,TIEN GUI TIET KIEM CKH DAC THU,#FFE5B4
21020310,TIEN GUI DAI LY VE SO,21,TIEN GUI VA CAC CONG CU NO,2102,TIEN GUI CO KY HAN,210205,TIEN GUI TIET KIEM CKH DAC THU,#FFE5B4
21020311,TIEN GUI CHO VAY DU HOC (CHUNG MINH TAI CHINH),21,TIEN GUI VA CAC CONG CU NO,2102,TIEN GUI CO KY HAN,210205,TIEN GUI TIET KIEM CKH DAC THU,#FFE5B4
21020599,DUMMY_TIEN GUI TIET KIEM CKH DAC THU,21,TIEN GUI VA CAC CONG CU NO,2102,TIEN GUI CO KY HAN,210205,TIEN GUI TIET KIEM CKH DAC THU,#FFE5B4
21020304,TIET KIEM TICH LUY BAO AN,21,TIEN GUI VA CAC CONG CU NO,2102,TIEN GUI CO KY HAN,210206,TIEN GUI TIET KIEM TICH LUY,#FFE5B4
21020305,TIET KIEM DANH CHO TRE EM,21,TIEN GUI VA CAC CONG CU NO,2102,TIEN GUI CO KY HAN,210206,TIEN GUI TIET KIEM TICH LUY,#FFE5B4
21020307,TIET KIEM TICH LUY HUU TRI,21,TIEN GUI VA CAC CONG CU NO,2102,TIEN GUI CO KY HAN,210206,TIEN GUI TIET KIEM TICH LUY,#FFE5B4
21020601,TIET KIEM TICH LUY THONG THUONG,21,TIEN GUI VA CAC CONG CU NO,2102,TIEN GUI CO KY HAN,210206,TIEN GUI TIET KIEM TICH LUY,#FFE5B4
21020699,DUMMY_TIEN GUI TIET KIEM TICH LUY,21,TIEN GUI VA CAC CONG CU NO,2102,TIEN GUI CO KY HAN,210206,TIEN GUI TIET KIEM TICH LUY,#FFE5B4
21020306,TIET KIEM DU THUONG,21,TIEN GUI VA CAC CONG CU NO,2102,TIEN GUI CO KY HAN,210207,TIEN GUI TIET KIEM THEO CHUONG TRINH KM,#FFE5B4
21020313,TIEN GUI TIET KIEM SIEU VIET,21,TIEN GUI VA CAC CONG CU NO,2102,TIEN GUI CO KY HAN,210207,TIEN GUI TIET KIEM THEO CHUONG TRINH KM,#FFE5B4
21020314,TIEN GUI TIET KIEM DA NANG,21,TIEN GUI VA CAC CONG CU NO,2102,TIEN GUI CO KY HAN,210207,TIEN GUI TIET KIEM THEO CHUONG TRINH KM,#FFE5B4
21020315,TIEN GUI TIET KIEM SONG HANH,21,TIEN GUI VA CAC CONG CU NO,2102,TIEN GUI CO KY HAN,210207,TIEN GUI TIET KIEM THEO CHUONG TRINH KM,#FFE5B4
21020316,TIET KIEM QUA TANG,21,TIEN GUI VA CAC CONG CU NO,2102,TIEN GUI CO KY HAN,210207,TIEN GUI TIET KIEM THEO CHUONG TRINH KM,#FFE5B4
21020799,DUMMY_TIEN GUI TK THEO CT KMAI,21,TIEN GUI VA CAC CONG CU NO,2102,TIEN GUI CO KY HAN,210207,TIEN GUI TIET KIEM THEO CHUONG TRINH KM,#FFE5B4
21020102,TIEN GUI ONLINE,21,TIEN GUI VA CAC CONG CU NO,2102,TIEN GUI CO KY HAN,210208,TIEN GUI ONLINE_L4,#FFE5B4
21020801,TIEN GUI CRM,21,TIEN GUI VA CAC CONG CU NO,2102,TIEN GUI CO KY HAN,210208,TIEN GUI ONLINE_L4,#FFE5B4
21030101,NHAN UY THAC,21,TIEN GUI VA CAC CONG CU NO,2103,NHAN UY THAC_L3,210301,NHAN UY THAC_L4,#FFE5B4
21040101,CHUNG CHI TIEN GUI THONG THUONG,21,TIEN GUI VA CAC CONG CU NO,2104,CONG CU NO VA GIAY TO CO GIA,210401,CHUNG CHI TIEN GUI,#FFE5B4
21040102,CHUNG CHI TIEN GUI DU THUONG,21,TIEN GUI VA CAC CONG CU NO,2104,CONG CU NO VA GIAY TO CO GIA,210401,CHUNG CHI TIEN GUI,#FFE5B4
21040103,CHUNG CHI TIEN GUI THE CAO,21,TIEN GUI VA CAC CONG CU NO,2104,CONG CU NO VA GIAY TO CO GIA,210401,CHUNG CHI TIEN GUI,#FFE5B4
21040104,CHUNG CHI TIEN GUI CAP BU,21,TIEN GUI VA CAC CONG CU NO,2104,CONG CU NO VA GIAY TO CO GIA,210401,CHUNG CHI TIEN GUI,#FFE5B4
21040105,CHUNG CHI TIEN GUI NHU Y,21,TIEN GUI VA CAC CONG CU NO,2104,CONG CU NO VA GIAY TO CO GIA,210401,CHUNG CHI TIEN GUI,#FFE5B4
21040199,DUMMY_CHUNG CHI TIEN GUI,21,TIEN GUI VA CAC CONG CU NO,2104,CONG CU NO VA GIAY TO CO GIA,210401,CHUNG CHI TIEN GUI,#FFE5B4
21040201,TRAI PHIEU THUONG,21,TIEN GUI VA CAC CONG CU NO,2104,CONG CU NO VA GIAY TO CO GIA,210402,TRAI PHIEU,#FFE5B4
21040202,TRAI PHIEU TANG VON,21,TIEN GUI VA CAC CONG CU NO,2104,CONG CU NO VA GIAY TO CO GIA,210402,TRAI PHIEU,#FFE5B4
21040299,DUMMY_TRAI PHIEU,21,TIEN GUI VA CAC CONG CU NO,2104,CONG CU NO VA GIAY TO CO GIA,210402,TRAI PHIEU,#FFE5B4
21040399,DUMMY_CONG CU NO VA GTCG,21,TIEN GUI VA CAC CONG CU NO,2104,CONG CU NO VA GIAY TO CO GIA,210403,DUMMY_CONG CU NO VA GTCG_L4,#FFE5B4
21050201,VAY THUONG MAI,21,TIEN GUI VA CAC CONG CU NO,2105,TIEN VAY,210502,VAY CAC DINH CHE TAI CHINH,#FFE5B4
21050202,VAY VON TAI TAI TRO NHAP KHAU NGAN HAN THEO L/C,21,TIEN GUI VA CAC CONG CU NO,2105,TIEN VAY,210502,VAY CAC DINH CHE TAI CHINH,#FFE5B4
21050299,DUMMY_VAY CAC DINH CHE TAI CHINH,21,TIEN GUI VA CAC CONG CU NO,2105,TIEN VAY,210502,VAY CAC DINH CHE TAI CHINH,#FFE5B4
21050301,TIEN VAY KHAC,21,TIEN GUI VA CAC CONG CU NO,2105,TIEN VAY,210503,TIEN VAY KHAC_L4,#FFE5B4
21050499,DUMMY_TIEN VAY,21,TIEN GUI VA CAC CONG CU NO,2105,TIEN VAY,210504,DUMMY_TIEN VAY_L4,#FFE5B4
21060199,DUMMY_TG VA CONG CU NO,21,TIEN GUI VA CAC CONG CU NO,2106,DUMMY_TG VA CONG CU NO_L3,210601,DUMMY_TG VA CONG CU NO_L4,#FFE5B4
21060101,DUMMY_CHIA SE DOANH THU,21,TIEN GUI VA CAC CONG CU NO,2106,DUMMY_TG VA CONG CU NO_L3,210601,DUMMY_TG VA CONG CU NO_L4,#FFE5B4
22010101,GIAO DICH VOI TCTD_DI VAY VA NHAN TIEN GUI,22,KINH DOANH VON,2201,GIAO DICH TREN THI TRUONG TIEN TE,220101,GIAO DICH VOI TCTD,#CFCFC4
22010102,GIAO DICH VOI TCTD_CHO VAY VA DAU TU TIEN GUI,22,KINH DOANH VON,2201,GIAO DICH TREN THI TRUONG TIEN TE,220101,GIAO DICH VOI TCTD,#CFCFC4
22010199,DUMMY_GIAO DICH VOI TCTD,22,KINH DOANH VON,2201,GIAO DICH TREN THI TRUONG TIEN TE,220101,GIAO DICH VOI TCTD,#CFCFC4
22010201,GIAO DICH VOI NHNN_DI VAY VA NHAN TIEN GUI,22,KINH DOANH VON,2201,GIAO DICH TREN THI TRUONG TIEN TE,220102,GIAO DICH VOI NHNN,#CFCFC4
22010202,GIAO DICH VOI NHNN_CHO VAY VA DAU TU TIEN GUI,22,KINH DOANH VON,2201,GIAO DICH TREN THI TRUONG TIEN TE,220102,GIAO DICH VOI NHNN,#CFCFC4
22010299,DUMMY_GIAO DICH VOI NHNN,22,KINH DOANH VON,2201,GIAO DICH TREN THI TRUONG TIEN TE,220102,GIAO DICH VOI NHNN,#CFCFC4
22010399,DUMMY_GIAO DICH TREN THI TRUONG TIEN TE,22,KINH DOANH VON,2201,GIAO DICH TREN THI TRUONG TIEN TE,220103,DUMMY_GIAO DICH TREN THI TRUONG TIEN TE_L4,#CFCFC4
22020101,MUA BAN GIAO NGAY GTCG,22,KINH DOANH VON,2202,KINH DOANH GTCG,220201,MUA BAN GIAO NGAY GTCG_L4,#CFCFC4
22020201,MUA BAN KY HAN GTCG,22,KINH DOANH VON,2202,KINH DOANH GTCG,220202,MUA BAN KY HAN GTCG_L4,#CFCFC4
22020301,DAU THAU CHO KHACH HANG,22,KINH DOANH VON,2202,KINH DOANH GTCG,220203,DAU THAU CHO KHACH HANG_L4,#CFCFC4
22020499,DUMMY_KINH DOANH GTCG,22,KINH DOANH VON,2202,KINH DOANH GTCG,220204,DUMMY_KINH DOANH GTCG_L4,#CFCFC4
22020501,MUA BAN TUONG LAI GTCG,22,KINH DOANH VON,2202,KINH DOANH GTCG,220205,MUA BAN TUONG LAI GTCG_L4,#CFCFC4
22030101,"TU VAN, THU XEP PHAT HANH TRAI PHIEU THONG THUONG",22,KINH DOANH VON,2203,"TU VAN, THU XEP PHAT HANH TRAI PHIEU DN",220301,"TU VAN, THU XEP PHAT HANH TRAI PHIEU THONG THUONG_L4",#CFCFC4
22030201,"TU VAN, THU XEP PHAT HANH TRIEU PHIEU KEM CHUNG QUYEN",22,KINH DOANH VON,2203,"TU VAN, THU XEP PHAT HANH TRAI PHIEU DN",220302,"TU VAN, THU XEP PHAT HANH TRIEU PHIEU KEM CHUNG QUYEN_L4",#CFCFC4
22030301,"TU VAN, THU XEP PHAT HANH TRAI PHIEU CHUYEN DOI",22,KINH DOANH VON,2203,"TU VAN, THU XEP PHAT HANH TRAI PHIEU DN",220303,"TU VAN, THU XEP PHAT HANH TRAI PHIEU CHUYEN DOI_L4",#CFCFC4
22030499,DUMMY_TU VAN PHAT HANH,22,KINH DOANH VON,2203,"TU VAN, THU XEP PHAT HANH TRAI PHIEU DN",220304,DUMMY_TU VAN PHAT HANH_L4,#CFCFC4
22040101,GIAO NGAY_FX,22,KINH DOANH VON,2204,KINH DOANH NGOAI TE_L3,220401,GIAO NGAY_FX_L4,#CFCFC4
22040201,KY HAN_FX,22,KINH DOANH VON,2204,KINH DOANH NGOAI TE_L3,220402,KY HAN_FX_L4,#CFCFC4
22040301,HOAN DOI_FX,22,KINH DOANH VON,2204,KINH DOANH NGOAI TE_L3,220403,HOAN DOI_FX_L4,#CFCFC4
22040401,QUYEN CHON_FX,22,KINH DOANH VON,2204,KINH DOANH NGOAI TE_L3,220404,QUYEN CHON_FX_L4,#CFCFC4
22040599,DUMMY_FX,22,KINH DOANH VON,2204,KINH DOANH NGOAI TE_L3,220405,DUMMY_FX_L4,#CFCFC4
22050101,GIAO NGAY_GOLD,22,KINH DOANH VON,2205,KINH DOANH VANG MIENG,220501,GIAO NGAY_GOLD_L4,#CFCFC4
22050201,KY HAN_GOLD,22,KINH DOANH VON,2205,KINH DOANH VANG MIENG,220502,KY HAN_GOLD_L4,#CFCFC4
22050301,HOAN DOI_GOLD,22,KINH DOANH VON,2205,KINH DOANH VANG MIENG,220503,HOAN DOI_GOLD_L4,#CFCFC4
22050499,DUMMY_KINH DOANH VANG MIENG,22,KINH DOANH VON,2205,KINH DOANH VANG MIENG,220504,DUMMY_KINH DOANH VANG MIENG_L4,#CFCFC4
22060101,HOAN DOI LAI SUAT MOT DONG TIEN,22,KINH DOANH VON,2206,PHAI SINH TAI CHINH_L3,220601,HOAN DOI LAI SUAT MOT DONG TIEN_L4,#CFCFC4
22060201,HOAN DOI TIEN TE CHEO,22,KINH DOANH VON,2206,PHAI SINH TAI CHINH_L3,220602,HOAN DOI TIEN TE CHEO_L4,#CFCFC4
22060301,DAU TU CO CAU,22,KINH DOANH VON,2206,PHAI SINH TAI CHINH_L3,220603,DAU TU CO CAU_L4,#CFCFC4
22060401,TIN DUNG PHAI SINH,22,KINH DOANH VON,2206,PHAI SINH TAI CHINH_L3,220604,TIN DUNG PHAI SINH_L4,#CFCFC4
22060599,DUMMY_PHAI SINH TAI CHINH,22,KINH DOANH VON,2206,PHAI SINH TAI CHINH_L3,220605,DUMMY_PHAI SINH TAI CHINH_L4,#CFCFC4
22070101,HANG HOA TUONG LAI,22,KINH DOANH VON,2207,PHAI SINH HANG HOA,220701,HANG HOA TUONG LAI_L4,#CFCFC4
22070201,QUYEN CHON HANG HOA,22,KINH DOANH VON,2207,PHAI SINH HANG HOA,220702,QUYEN CHON HANG HOA_L4,#CFCFC4
22070301,HOAN DOI GIA CA HANG HOA,22,KINH DOANH VON,2207,PHAI SINH HANG HOA,220703,HOAN DOI GIA CA HANG HOA_L4,#CFCFC4
22070499,DUMMY_PHAI SINH HANG HOA,22,KINH DOANH VON,2207,PHAI SINH HANG HOA,220704,DUMMY_PHAI SINH HANG HOA_L4,#CFCFC4
22080101,DUMMY_KINH DOANH VON_L5,22,KINH DOANH VON,2208,DUMMY_KINH DOANH VON_L3,220801,DUMMY_KINH DOANH VON_L4,#CFCFC4
23010101,TAI TRO XUAT KHAU TRUOC KHI GIAO HANG,23,TAI TRO THUONG MAI,2301,TAI TRO XUAT KHAU,230101,TAI TRO XUAT KHAU TRUOC KHI GIAO HANG_L4,#FF6961
23010102,TAI TAI TRO XUAT KHAU TRUOC KHI GIAO HANG,23,TAI TRO THUONG MAI,2301,TAI TRO XUAT KHAU,230101,TAI TRO XUAT KHAU TRUOC KHI GIAO HANG_L4,#FF6961
23010199,DUMMY_TAI TRO XUAT KHAU TRUOC KHI GIAO HANG,23,TAI TRO THUONG MAI,2301,TAI TRO XUAT KHAU,230101,TAI TRO XUAT KHAU TRUOC KHI GIAO HANG_L4,#FF6961
23010201,CHIET KHAU CO TRUY DOI LC TRA NGAY (NUOC NGOAI),23,TAI TRO THUONG MAI,2301,TAI TRO XUAT KHAU,230102,TAI TRO XUAT KHAU SAU KHI GIAO HANG,#FF6961
23010202,CHIET KHAU CO TRUY DOI LC TRA NGAY (TRONG NUOC),23,TAI TRO THUONG MAI,2301,TAI TRO XUAT KHAU,230102,TAI TRO XUAT KHAU SAU KHI GIAO HANG,#FF6961
23010203,CHIET KHAU CO TRUY DOI LC TRA CHAM (TRONG NUOC),23,TAI TRO THUONG MAI,2301,TAI TRO XUAT KHAU,230102,TAI TRO XUAT KHAU SAU KHI GIAO HANG,#FF6961
23010204,CHIET KHAU CO TRUY DOI NHO THU TRA CHAM (TRONG NUOC),23,TAI TRO THUONG MAI,2301,TAI TRO XUAT KHAU,230102,TAI TRO XUAT KHAU SAU KHI GIAO HANG,#FF6961
23010205,CHIET KHAU CO TRUY DOI NHO THU TRA NGAY (NUOC NGOAI),23,TAI TRO THUONG MAI,2301,TAI TRO XUAT KHAU,230102,TAI TRO XUAT KHAU SAU KHI GIAO HANG,#FF6961
23010206,CHIET KHAU CO TRUY DOI NHO THU TRA CHAM (NUOC NGOAI),23,TAI TRO THUONG MAI,2301,TAI TRO XUAT KHAU,230102,TAI TRO XUAT KHAU SAU KHI GIAO HANG,#FF6961
23010207,CKHAU MIEN TRUY DOI HPHIEU THEO BO CTU HANG XUAT HTHUC LC TRA NGAY,23,TAI TRO THUONG MAI,2301,TAI TRO XUAT KHAU,230102,TAI TRO XUAT KHAU SAU KHI GIAO HANG,#FF6961
23010208,BAO THANH TOAN,23,TAI TRO THUONG MAI,2301,TAI TRO XUAT KHAU,230102,TAI TRO XUAT KHAU SAU KHI GIAO HANG,#FF6961
23010209,TAI TAI TRO SAU KHI GIAO HANG,23,TAI TRO THUONG MAI,2301,TAI TRO XUAT KHAU,230102,TAI TRO XUAT KHAU SAU KHI GIAO HANG,#FF6961
23010210,CHIET KHAU CO TRUY DOI THEO LC,23,TAI TRO THUONG MAI,2301,TAI TRO XUAT KHAU,230102,TAI TRO XUAT KHAU SAU KHI GIAO HANG,#FF6961
23010211,CHIET KHAU CO TRUY DOI THEO NHO THU,23,TAI TRO THUONG MAI,2301,TAI TRO XUAT KHAU,230102,TAI TRO XUAT KHAU SAU KHI GIAO HANG,#FF6961
23010212,CHIET KHAU MIEN TRUY DOI THEO LC,23,TAI TRO THUONG MAI,2301,TAI TRO XUAT KHAU,230102,TAI TRO XUAT KHAU SAU KHI GIAO HANG,#FF6961
23010213,CHIET KHAU MIEN TRUY DOI THEO NHO THU,23,TAI TRO THUONG MAI,2301,TAI TRO XUAT KHAU,230102,TAI TRO XUAT KHAU SAU KHI GIAO HANG,#FF6961
23010214,CHIET KHAU BO CHUNG TU TTR,23,TAI TRO THUONG MAI,2301,TAI TRO XUAT KHAU,230102,TAI TRO XUAT KHAU SAU KHI GIAO HANG,#FF6961
23010215,CHIET KHAU KHAC,23,TAI TRO THUONG MAI,2301,TAI TRO XUAT KHAU,230102,TAI TRO XUAT KHAU SAU KHI GIAO HANG,#FF6961
23010299,DUMMY_TAI TRO XUAT KHAU SAU KHI GIAO HANG,23,TAI TRO THUONG MAI,2301,TAI TRO XUAT KHAU,230102,TAI TRO XUAT KHAU SAU KHI GIAO HANG,#FF6961
23010399,DUMMY_TAI TRO XUAT KHAU,23,TAI TRO THUONG MAI,2301,TAI TRO XUAT KHAU,230103,DUMMY_TAI TRO XUAT KHAU_L4,#FF6961
23020101,TAI TRO HOAN TRA (UPAS DCTC),23,TAI TRO THUONG MAI,2302,TAI TRO NHAP KHAU,230201,TAI TRO NHAP KHAU_L4,#FF6961
23020102,TAI TRO NHAP KHAU KHAC,23,TAI TRO THUONG MAI,2302,TAI TRO NHAP KHAU,230201,TAI TRO NHAP KHAU_L4,#FF6961
23020199,DUMMY_TAI TRO NHAP KHAU,23,TAI TRO THUONG MAI,2302,TAI TRO NHAP KHAU,230201,TAI TRO NHAP KHAU_L4,#FF6961
23030101,NHO THU NHAP KHAU,23,TAI TRO THUONG MAI,2303,NHO THU,230301,NHO THU NHAP KHAU_L4,#FF6961
23030102,CAD NHAP KHAU,23,TAI TRO THUONG MAI,2303,NHO THU,230301,NHO THU NHAP KHAU_L4,#FF6961
23030103,BAO LANH NHAN HANG THEO NHO THU NHAP KHAU,23,TAI TRO THUONG MAI,2303,NHO THU,230301,NHO THU NHAP KHAU_L4,#FF6961
23030104,UPAS NHO THU ,23,TAI TRO THUONG MAI,2303,NHO THU,230301,NHO THU NHAP KHAU_L4,#FF6961
23030199,DUMMY_NHO THU NHAP KHAU,23,TAI TRO THUONG MAI,2303,NHO THU,230301,NHO THU NHAP KHAU_L4,#FF6961
23030201,NHO THU XUAT KHAU,23,TAI TRO THUONG MAI,2303,NHO THU,230302,NHO THU XUAT KHAU_L4,#FF6961
23030202,CAD XUAT KHAU,23,TAI TRO THUONG MAI,2303,NHO THU,230302,NHO THU XUAT KHAU_L4,#FF6961
23030299,DUMMY_NHO THU XUAT KHAU,23,TAI TRO THUONG MAI,2303,NHO THU,230302,NHO THU XUAT KHAU_L4,#FF6961
23030399,DUMMY_NHO THU,23,TAI TRO THUONG MAI,2303,NHO THU,230303,DUMMY_NHO THU_L4,#FF6961
23040101,THU TIN DUNG NHAP KHAU (LC),23,TAI TRO THUONG MAI,2304,THU TIN DUNG (LC),230401,THU TIN DUNG NHAP KHAU,#FF6961
23040102,KIEM TRA VA THANH TOAN BO CHUNG TU TRA NGAY THEO LC,23,TAI TRO THUONG MAI,2304,THU TIN DUNG (LC),230401,THU TIN DUNG NHAP KHAU,#FF6961
23040103,KIEM TRA VA THANH TOAN BO CHUNG TU TRA CHAM THEO LC,23,TAI TRO THUONG MAI,2304,THU TIN DUNG (LC),230401,THU TIN DUNG NHAP KHAU,#FF6961
23040104,BAO LANH NHAN HANG THEO LC NHAP KHAU,23,TAI TRO THUONG MAI,2304,THU TIN DUNG (LC),230401,THU TIN DUNG NHAP KHAU,#FF6961
23040105,TAI TRO LC TRA CHAM THEO UPAS LC,23,TAI TRO THUONG MAI,2304,THU TIN DUNG (LC),230401,THU TIN DUNG NHAP KHAU,#FF6961
23040106,KIEM TRA VA THANH TOAN BCT THEO LC THONG THUONG,23,TAI TRO THUONG MAI,2304,THU TIN DUNG (LC),230401,THU TIN DUNG NHAP KHAU,#FF6961
23040107,KIEM TRA VA THANH TOAN BCT THEO UPAS LC,23,TAI TRO THUONG MAI,2304,THU TIN DUNG (LC),230401,THU TIN DUNG NHAP KHAU,#FF6961
23040199,DUMMY_THU TIN DUNG NHAP KHAU,23,TAI TRO THUONG MAI,2304,THU TIN DUNG (LC),230401,THU TIN DUNG NHAP KHAU,#FF6961
23040201,THU TIN DUNG XUAT KHAU (LC),23,TAI TRO THUONG MAI,2304,THU TIN DUNG (LC),230402,THU TIN DUNG XUAT KHAU,#FF6961
23040202,DOI TIEN BO CHUNG TU XUAT KHAU THEO LC,23,TAI TRO THUONG MAI,2304,THU TIN DUNG (LC),230402,THU TIN DUNG XUAT KHAU,#FF6961
23040203,CHUYEN NHUONG THU TIN DUNG,23,TAI TRO THUONG MAI,2304,THU TIN DUNG (LC),230402,THU TIN DUNG XUAT KHAU,#FF6961
23040204,THU TIN DUNG XAC NHAN XUAT KHAU (LC),23,TAI TRO THUONG MAI,2304,THU TIN DUNG (LC),230402,THU TIN DUNG XUAT KHAU,#FF6961
23040205,DOI TIEN BO CHUNG TU XUAT KHAU THEO LC XAC NHAN,23,TAI TRO THUONG MAI,2304,THU TIN DUNG (LC),230402,THU TIN DUNG XUAT KHAU,#FF6961
23040299,DUMMY_THU TIN DUNG XUAT KHAU,23,TAI TRO THUONG MAI,2304,THU TIN DUNG (LC),230402,THU TIN DUNG XUAT KHAU,#FF6961
23040399,DUMMY_THU TIN DUNG (LC),23,TAI TRO THUONG MAI,2304,THU TIN DUNG (LC),230403,DUMMY_THU TIN DUNG (LC)_L4,#FF6961
23050101,DICH VU TAI TRO THUONG MAI KHAC,23,TAI TRO THUONG MAI,2305,DICH VU TAI TRO THUONG MAI KHAC_L3,230501,DICH VU TAI TRO THUONG MAI KHAC_L4,#FF6961
23060199,DUMMY_TAI TRO THUONG MAI,23,TAI TRO THUONG MAI,2306,DUMMY_TAI TRO THUONG MAI_L3,230601,DUMMY_TAI TRO THUONG MAI_L4,#FF6961
23070101,CHIET KHAU CO TRUY DOI THEO LC NOI DIA,23,TAI TRO THUONG MAI,2307,TAI TRO THUONG MAI TRONG NUOC,230701,TAI TRO THUONG MAI TRONG NUOC_L4,#FF6961
23070102,CHIET KHAU MIEN TRUY DOI THEO LC NOI DIA,23,TAI TRO THUONG MAI,2307,TAI TRO THUONG MAI TRONG NUOC,230701,TAI TRO THUONG MAI TRONG NUOC_L4,#FF6961
23070103,THANH TOAN TRUOC HAN LC NOI DIA,23,TAI TRO THUONG MAI,2307,TAI TRO THUONG MAI TRONG NUOC,230701,TAI TRO THUONG MAI TRONG NUOC_L4,#FF6961
23070104,BAO THANH TOAN TRONG NUOC,23,TAI TRO THUONG MAI,2307,TAI TRO THUONG MAI TRONG NUOC,230701,TAI TRO THUONG MAI TRONG NUOC_L4,#FF6961
23070199,DUMMY_TAI TRO THUONG MAI TRONG NUOC,23,TAI TRO THUONG MAI,2307,TAI TRO THUONG MAI TRONG NUOC,230701,TAI TRO THUONG MAI TRONG NUOC_L4,#FF6961
24010101,BAO LANH DAM BAO CHAT LUONG SAN PHAM_DU,24,BAO LANH VA CAM KET TIN DUNG,2401,BAO LANH DOI UNG,240101,BAO LANH DOI UNG_L4,#B0E0E6
24010102,BAO LANH DU THAU_DU,24,BAO LANH VA CAM KET TIN DUNG,2401,BAO LANH DOI UNG,240101,BAO LANH DOI UNG_L4,#B0E0E6
24010103,BAO LANH THANH TOAN THONG THUONG_DU,24,BAO LANH VA CAM KET TIN DUNG,2401,BAO LANH DOI UNG,240101,BAO LANH DOI UNG_L4,#B0E0E6
24010104,BAO LANH THUC HIEN HOP DONG_DU,24,BAO LANH VA CAM KET TIN DUNG,2401,BAO LANH DOI UNG,240101,BAO LANH DOI UNG_L4,#B0E0E6
24010105,BAO LANH TIEN UNG TRUOC_DU,24,BAO LANH VA CAM KET TIN DUNG,2401,BAO LANH DOI UNG,240101,BAO LANH DOI UNG_L4,#B0E0E6
24010106,BAO LANH VAY VON_DU,24,BAO LANH VA CAM KET TIN DUNG,2401,BAO LANH DOI UNG,240101,BAO LANH DOI UNG_L4,#B0E0E6
24010107,BAO LANH KHAC_DU,24,BAO LANH VA CAM KET TIN DUNG,2401,BAO LANH DOI UNG,240101,BAO LANH DOI UNG_L4,#B0E0E6
24010108,BAO LANH MUA BAN NHA O_DU,24,BAO LANH VA CAM KET TIN DUNG,2401,BAO LANH DOI UNG,240101,BAO LANH DOI UNG_L4,#B0E0E6
24010199,DUMMY_BAO LANH DOI UNG,24,BAO LANH VA CAM KET TIN DUNG,2401,BAO LANH DOI UNG,240101,BAO LANH DOI UNG_L4,#B0E0E6
24020101,BAO LANH DAM BAO CHAT LUONG SAN PHAM,24,BAO LANH VA CAM KET TIN DUNG,2402,BAO LANH THONG THUONG,240201,BAO LANH THONG THUONG_L4,#B0E0E6
24020102,BAO LANH DU THAU,24,BAO LANH VA CAM KET TIN DUNG,2402,BAO LANH THONG THUONG,240201,BAO LANH THONG THUONG_L4,#B0E0E6
24020103,BAO LANH THANH TOAN THONG THUONG,24,BAO LANH VA CAM KET TIN DUNG,2402,BAO LANH THONG THUONG,240201,BAO LANH THONG THUONG_L4,#B0E0E6
24020104,BAO LANH THANH TOAN THUE XNK,24,BAO LANH VA CAM KET TIN DUNG,2402,BAO LANH THONG THUONG,240201,BAO LANH THONG THUONG_L4,#B0E0E6
24020105,BAO LANH THUC HIEN HOP DONG,24,BAO LANH VA CAM KET TIN DUNG,2402,BAO LANH THONG THUONG,240201,BAO LANH THONG THUONG_L4,#B0E0E6
24020106,BAO LANH TIEN UNG TRUOC,24,BAO LANH VA CAM KET TIN DUNG,2402,BAO LANH THONG THUONG,240201,BAO LANH THONG THUONG_L4,#B0E0E6
24020107,BAO LANH VAY VON,24,BAO LANH VA CAM KET TIN DUNG,2402,BAO LANH THONG THUONG,240201,BAO LANH THONG THUONG_L4,#B0E0E6
24020108,BAO LANH KHAC,24,BAO LANH VA CAM KET TIN DUNG,2402,BAO LANH THONG THUONG,240201,BAO LANH THONG THUONG_L4,#B0E0E6
24020109,BAO LANH MUA BAN NHA O,24,BAO LANH VA CAM KET TIN DUNG,2402,BAO LANH THONG THUONG,240201,BAO LANH THONG THUONG_L4,#B0E0E6
24020110,CAM KET CAP TIN DUNG BIDV PHAT HANH,24,BAO LANH VA CAM KET TIN DUNG,2402,BAO LANH THONG THUONG,240201,BAO LANH THONG THUONG_L4,#B0E0E6
24020199,DUMMY_BAO LANH THONG THUONG,24,BAO LANH VA CAM KET TIN DUNG,2402,BAO LANH THONG THUONG,240201,BAO LANH THONG THUONG_L4,#B0E0E6
24030199,DUMMY_BAO LANH,24,BAO LANH VA CAM KET TIN DUNG,2403,DUMMY_BAO LANH_L3,240301,DUMMY_BAO LANH_L4,#B0E0E6
24040101,BAO LANH DEN VAY VON_XAC NHAN,24,BAO LANH VA CAM KET TIN DUNG,2404,BAO LANH DEN,240401,BAO LANH DEN CO XAC NHAN,#B0E0E6
24040102,BAO LANH DEN THANH TOAN_XAC NHAN,24,BAO LANH VA CAM KET TIN DUNG,2404,BAO LANH DEN,240401,BAO LANH DEN CO XAC NHAN,#B0E0E6
24040103,BAO LANH DEN THUC HIEN HOP DONG_XAC NHAN,24,BAO LANH VA CAM KET TIN DUNG,2404,BAO LANH DEN,240401,BAO LANH DEN CO XAC NHAN,#B0E0E6
24040104, BAO LANH DEN CHAT LUONG_XAC NHAN,24,BAO LANH VA CAM KET TIN DUNG,2404,BAO LANH DEN,240401,BAO LANH DEN CO XAC NHAN,#B0E0E6
24040105,BAO LANH DEN DU THAU_XAC NHAN,24,BAO LANH VA CAM KET TIN DUNG,2404,BAO LANH DEN,240401,BAO LANH DEN CO XAC NHAN,#B0E0E6
24040106,BAO LANH DEN HOAN TRA TIEN UNG TRUOC_XAC NHAN,24,BAO LANH VA CAM KET TIN DUNG,2404,BAO LANH DEN,240401,BAO LANH DEN CO XAC NHAN,#B0E0E6
24040107,BAO LANH DEN THUE XNK_XAC NHAN,24,BAO LANH VA CAM KET TIN DUNG,2404,BAO LANH DEN,240401,BAO LANH DEN CO XAC NHAN,#B0E0E6
24040108,BAO LANH DEN NHA_XAC NHAN,24,BAO LANH VA CAM KET TIN DUNG,2404,BAO LANH DEN,240401,BAO LANH DEN CO XAC NHAN,#B0E0E6
24040109,BAO LANH DEN KHAC_XAC NHAN,24,BAO LANH VA CAM KET TIN DUNG,2404,BAO LANH DEN,240401,BAO LANH DEN CO XAC NHAN,#B0E0E6
24040199,DUMMY_BAO LANH DEN CO XAC NHAN,24,BAO LANH VA CAM KET TIN DUNG,2404,BAO LANH DEN,240401,BAO LANH DEN CO XAC NHAN,#B0E0E6
24040201,BAO LANH DEN VAY VON_KHONG XAC NHAN,24,BAO LANH VA CAM KET TIN DUNG,2404,BAO LANH DEN,240402,BAO LANH DEN KHONG XAC NHAN,#B0E0E6
24040202,BAO LANH DEN THANH TOAN_KHONG XAC NHAN,24,BAO LANH VA CAM KET TIN DUNG,2404,BAO LANH DEN,240402,BAO LANH DEN KHONG XAC NHAN,#B0E0E6
24040203,BAO LANH DEN THUC HIEN HOP DONG_KHONG XAC NHAN,24,BAO LANH VA CAM KET TIN DUNG,2404,BAO LANH DEN,240402,BAO LANH DEN KHONG XAC NHAN,#B0E0E6
24040204, BAO LANH DEN CHAT LUONG_KHONG XAC NHAN,24,BAO LANH VA CAM KET TIN DUNG,2404,BAO LANH DEN,240402,BAO LANH DEN KHONG XAC NHAN,#B0E0E6
24040205,BAO LANH DEN DU THAU_KHONG XAC NHAN,24,BAO LANH VA CAM KET TIN DUNG,2404,BAO LANH DEN,240402,BAO LANH DEN KHONG XAC NHAN,#B0E0E6
24040206,BAO LANH DEN HOAN TRA TIEN UNG TRUOC_KHONG XAC NHAN,24,BAO LANH VA CAM KET TIN DUNG,2404,BAO LANH DEN,240402,BAO LANH DEN KHONG XAC NHAN,#B0E0E6
24040207,BAO LANH DEN THUE XNK_KHONG XAC NHAN,24,BAO LANH VA CAM KET TIN DUNG,2404,BAO LANH DEN,240402,BAO LANH DEN KHONG XAC NHAN,#B0E0E6
24040208,BAO LANH DEN NHA_KHONG XAC NHAN,24,BAO LANH VA CAM KET TIN DUNG,2404,BAO LANH DEN,240402,BAO LANH DEN KHONG XAC NHAN,#B0E0E6
24040209,BAO LANH DEN KHAC_KHONG XAC NHAN,24,BAO LANH VA CAM KET TIN DUNG,2404,BAO LANH DEN,240402,BAO LANH DEN KHONG XAC NHAN,#B0E0E6
24040299,DUMMY_BAO LANH DEN KHONG XAC NHAN,24,BAO LANH VA CAM KET TIN DUNG,2404,BAO LANH DEN,240402,BAO LANH DEN KHONG XAC NHAN,#B0E0E6
24040399,DUMMY_BAO LANH DEN,24,BAO LANH VA CAM KET TIN DUNG,2404,BAO LANH DEN,240403,DUMMY_BAO LANH DEN_L4,#B0E0E6
24050101,BAO LANH DI TRUC TIEP VAY VON,24,BAO LANH VA CAM KET TIN DUNG,2405,BAO LANH DI,240501,BAO LANH DI TRUC TIEP,#B0E0E6
24050102,BAO LANH DI TRUC TIEP THANH TOAN,24,BAO LANH VA CAM KET TIN DUNG,2405,BAO LANH DI,240501,BAO LANH DI TRUC TIEP,#B0E0E6
24050103,BAO LANH DI TRUC TIEP THUC HIEN HOP DONG,24,BAO LANH VA CAM KET TIN DUNG,2405,BAO LANH DI,240501,BAO LANH DI TRUC TIEP,#B0E0E6
24050104,BAO LANH DI TRUC TIEP CHAT LUONG,24,BAO LANH VA CAM KET TIN DUNG,2405,BAO LANH DI,240501,BAO LANH DI TRUC TIEP,#B0E0E6
24050105,BAO LANH DI TRUC TIEP DU THAU,24,BAO LANH VA CAM KET TIN DUNG,2405,BAO LANH DI,240501,BAO LANH DI TRUC TIEP,#B0E0E6
24050106,BAO LANH DI TRUC TIEP HOAN TRA TIEN UNG TRUOC,24,BAO LANH VA CAM KET TIN DUNG,2405,BAO LANH DI,240501,BAO LANH DI TRUC TIEP,#B0E0E6
24050107,BAO LANH DI TRUC TIEP THUE XNK,24,BAO LANH VA CAM KET TIN DUNG,2405,BAO LANH DI,240501,BAO LANH DI TRUC TIEP,#B0E0E6
24050108,BAO LANH DI TRUC TIEP NHA,24,BAO LANH VA CAM KET TIN DUNG,2405,BAO LANH DI,240501,BAO LANH DI TRUC TIEP,#B0E0E6
24050109,BAO LANH DI TRUC TIEP KHAC,24,BAO LANH VA CAM KET TIN DUNG,2405,BAO LANH DI,240501,BAO LANH DI TRUC TIEP,#B0E0E6
24050199,DUMMY_BAO LANH DI TRUC TIEP,24,BAO LANH VA CAM KET TIN DUNG,2405,BAO LANH DI,240501,BAO LANH DI TRUC TIEP,#B0E0E6
24050201,BAO LANH DI GIAN TIEP VAY VON,24,BAO LANH VA CAM KET TIN DUNG,2405,BAO LANH DI,240502,BAO LANH DI GIAN TIEP,#B0E0E6
24050202,BAO LANH DI GIAN TIEP THANH TOAN,24,BAO LANH VA CAM KET TIN DUNG,2405,BAO LANH DI,240502,BAO LANH DI GIAN TIEP,#B0E0E6
24050203,BAO LANH DI GIAN TIEP THUC HIEN HOP DONG,24,BAO LANH VA CAM KET TIN DUNG,2405,BAO LANH DI,240502,BAO LANH DI GIAN TIEP,#B0E0E6
24050204,BAO LANH DI GIAN TIEP CHAT LUONG,24,BAO LANH VA CAM KET TIN DUNG,2405,BAO LANH DI,240502,BAO LANH DI GIAN TIEP,#B0E0E6
24050205,BAO LANH DI GIAN TIEP DU THAU,24,BAO LANH VA CAM KET TIN DUNG,2405,BAO LANH DI,240502,BAO LANH DI GIAN TIEP,#B0E0E6
24050206,BAO LANH DI GIAN TIEP HOAN TRA TIEN UNG TRUOC,24,BAO LANH VA CAM KET TIN DUNG,2405,BAO LANH DI,240502,BAO LANH DI GIAN TIEP,#B0E0E6
24050207,BAO LANH DI GIAN TIEP THUE XNK,24,BAO LANH VA CAM KET TIN DUNG,2405,BAO LANH DI,240502,BAO LANH DI GIAN TIEP,#B0E0E6
24050208,BAO LANH DI GIAN TIEP NHA,24,BAO LANH VA CAM KET TIN DUNG,2405,BAO LANH DI,240502,BAO LANH DI GIAN TIEP,#B0E0E6
24050209,BAO LANH DI GIAN TIEP KHAC,24,BAO LANH VA CAM KET TIN DUNG,2405,BAO LANH DI,240502,BAO LANH DI GIAN TIEP,#B0E0E6
24050299,DUMMY_BAO LANH DI GIAN TIEP,24,BAO LANH VA CAM KET TIN DUNG,2405,BAO LANH DI,240502,BAO LANH DI GIAN TIEP,#B0E0E6
24050399,DUMMY_BAO LANH DI,24,BAO LANH VA CAM KET TIN DUNG,2405,BAO LANH DI,240503,DUMMY_BAO LANH DI_L4,#B0E0E6
24060101,BAO LANH DEN CAM KET CAP TIN DUNG_XAC NHAN,24,BAO LANH VA CAM KET TIN DUNG,2406,CAM KET CAP TIN DUNG,240601,CAM KET CAP TIN DUNG_L4,#B0E0E6
24060102,BAO LANH DEN CAM KET CAP TIN DUNG_KHONG XAC NHAN,24,BAO LANH VA CAM KET TIN DUNG,2406,CAM KET CAP TIN DUNG,240601,CAM KET CAP TIN DUNG_L4,#B0E0E6
24060103,BAO LANH DI TRUC TIEP CAM KET CAP TIN DUNG,24,BAO LANH VA CAM KET TIN DUNG,2406,CAM KET CAP TIN DUNG,240601,CAM KET CAP TIN DUNG_L4,#B0E0E6
24060104,BAO LANH DI GIAN TIEP CAM KET CAP TIN DUNG,24,BAO LANH VA CAM KET TIN DUNG,2406,CAM KET CAP TIN DUNG,240601,CAM KET CAP TIN DUNG_L4,#B0E0E6
24060199,DUMMY_CAM KET CAP TIN DUNG,24,BAO LANH VA CAM KET TIN DUNG,2406,CAM KET CAP TIN DUNG,240601,CAM KET CAP TIN DUNG_L4,#B0E0E6
24070199,CAC DICH VU BAO LANH KHAC,24,BAO LANH VA CAM KET TIN DUNG,2407,CAC DICH VU BAO LANH KHAC_L3,240701,CAC DICH VU BAO LANH KHAC_L4,#B0E0E6
25010101,CHUYEN TIEN QUOC TE DI,25,THANH TOAN,2501,DICH VU CHUYEN TIEN,250101,DICH VU CHUYEN TIEN QUOC TE,#CB99C9
25010102,CHUYEN TIEN QUOC TE DEN QUA SWIFT,25,THANH TOAN,2501,DICH VU CHUYEN TIEN,250101,DICH VU CHUYEN TIEN QUOC TE,#CB99C9
25010103,"CHUYEN TIEN QUOC TE DEN QUA KENH KHAC (WU, KORONALPAY)",25,THANH TOAN,2501,DICH VU CHUYEN TIEN,250101,DICH VU CHUYEN TIEN QUOC TE,#CB99C9
25010199,DUMMY_DICH VU CHUYEN TIEN QUOC TE,25,THANH TOAN,2501,DICH VU CHUYEN TIEN,250101,DICH VU CHUYEN TIEN QUOC TE,#CB99C9
25010201,CHUYEN TIEN TRONG NUOC DI NGOAI BIDV,25,THANH TOAN,2501,DICH VU CHUYEN TIEN,250102,DICH VU CHUYEN TIEN TRONG NUOC,#CB99C9
25010202,CHUYEN TIEN TRONG NUOC DI TRONG BIDV,25,THANH TOAN,2501,DICH VU CHUYEN TIEN,250102,DICH VU CHUYEN TIEN TRONG NUOC,#CB99C9
25010203,CHUYEN TIEN TRONG NUOC DEN,25,THANH TOAN,2501,DICH VU CHUYEN TIEN,250102,DICH VU CHUYEN TIEN TRONG NUOC,#CB99C9
25010204,CHUYEN TIEN NHANH 24/7,25,THANH TOAN,2501,DICH VU CHUYEN TIEN,250102,DICH VU CHUYEN TIEN TRONG NUOC,#CB99C9
25010206,THANH TOAN QUA SMART BANKING,25,THANH TOAN,2501,DICH VU CHUYEN TIEN,250102,DICH VU CHUYEN TIEN TRONG NUOC,#CB99C9
25010207,THANH TOAN QUA BIDV IBANK,25,THANH TOAN,2501,DICH VU CHUYEN TIEN,250102,DICH VU CHUYEN TIEN TRONG NUOC,#CB99C9
25010209,THANH TOAN QUA SMART BANKING_NGOAI BIDV,25,THANH TOAN,2501,DICH VU CHUYEN TIEN,250102,DICH VU CHUYEN TIEN TRONG NUOC,#CB99C9
25010210,CHUYEN TIEN NHANH QUA ACH,25,THANH TOAN,2501,DICH VU CHUYEN TIEN,250102,DICH VU CHUYEN TIEN TRONG NUOC,#CB99C9
25010211,DICH VU THANH TOAN DA PHUONG (BIDV E-PAY),25,THANH TOAN,2501,DICH VU CHUYEN TIEN,250102,DICH VU CHUYEN TIEN TRONG NUOC,#CB99C9
25010212,THANH TOAN QUA BIDV ICONNECT,25,THANH TOAN,2501,DICH VU CHUYEN TIEN,250102,DICH VU CHUYEN TIEN TRONG NUOC,#CB99C9
25010299,DUMMY_DICH VU CHUYEN TIEN TRONG NUOC,25,THANH TOAN,2501,DICH VU CHUYEN TIEN,250102,DICH VU CHUYEN TIEN TRONG NUOC,#CB99C9
25010399,DUMMY_DICH VU CHUYEN TIEN,25,THANH TOAN,2501,DICH VU CHUYEN TIEN,250103,DUMMY_DICH VU CHUYEN TIEN_L4,#CB99C9
25020101,DICH VU DIEU CHUYEN VON TU DONG,25,THANH TOAN,2502,QUAN LY TIEN TE,250201,QUAN LY TIEN TE_L4,#CB99C9
25020102,DICH VU QUAN LY DONG TIEN,25,THANH TOAN,2502,QUAN LY TIEN TE,250201,QUAN LY TIEN TE_L4,#CB99C9
25020103,DICH VU THU CHI HO KHAC,25,THANH TOAN,2502,QUAN LY TIEN TE,250201,QUAN LY TIEN TE_L4,#CB99C9
25020104,THU HO NGAN SACH NHA NUOC,25,THANH TOAN,2502,QUAN LY TIEN TE,250201,QUAN LY TIEN TE_L4,#CB99C9
25020105,THANH TOAN DIEN TU SONG PHUONG VOI KBNN,25,THANH TOAN,2502,QUAN LY TIEN TE,250201,QUAN LY TIEN TE_L4,#CB99C9
25020106,DICH VU THU CHI HO CO KET NOI DIEN TU,25,THANH TOAN,2502,QUAN LY TIEN TE,250201,QUAN LY TIEN TE_L4,#CB99C9
25020107,THANH TOAN SONG PHUONG BHXH,25,THANH TOAN,2502,QUAN LY TIEN TE,250201,QUAN LY TIEN TE_L4,#CB99C9
25020108,DICH VU NH BAO TRO-NH THANH TOAN,25,THANH TOAN,2502,QUAN LY TIEN TE,250201,QUAN LY TIEN TE_L4,#CB99C9
25020199,DUMMY_QUAN LY TIEN TE,25,THANH TOAN,2502,QUAN LY TIEN TE,250201,QUAN LY TIEN TE_L4,#CB99C9
25030101,DAI LY QUYET TOAN MASTER CARD,25,THANH TOAN,2503,THANH TOAN BU TRU,250301,THANH TOAN BU TRU_L4,#CB99C9
25030102,THANH TOAN BU TRU CHUNG KHOAN,25,THANH TOAN,2503,THANH TOAN BU TRU,250301,THANH TOAN BU TRU_L4,#CB99C9
25030103,THANH TOAN BU TRU KHAC,25,THANH TOAN,2503,THANH TOAN BU TRU,250301,THANH TOAN BU TRU_L4,#CB99C9
25030199,DUMMY_THANH TOAN BU TRU,25,THANH TOAN,2503,THANH TOAN BU TRU,250301,THANH TOAN BU TRU_L4,#CB99C9
25040101,THANH TOAN HOA DON,25,THANH TOAN,2504,THANH TOAN HOA DON_L3,250401,THANH TOAN HOA DON_L4,#CB99C9
25050101,THANH TOAN LUONG TU DONG,25,THANH TOAN,2505,THANH TOAN KHAC_L3,250501,THANH TOAN KHAC_L4,#CB99C9
25050103,THANH TOAN BIEN MAU,25,THANH TOAN,2505,THANH TOAN KHAC_L3,250501,THANH TOAN KHAC_L4,#CB99C9
25050105,THANH TOAN KHAC,25,THANH TOAN,2505,THANH TOAN KHAC_L3,250501,THANH TOAN KHAC_L4,#CB99C9
25050199,DUMMY_THANH TOAN KHAC,25,THANH TOAN,2505,THANH TOAN KHAC_L3,250501,THANH TOAN KHAC_L4,#CB99C9
25060199,DUMMY_THANH TOAN,25,THANH TOAN,2506,DUMMY_THANH TOAN_L3,250601,DUMMY_THANH TOAN_L4,#CB99C9
26010101,DICH VU CHAP NHAN THE TREN ATM,26,DICH VU THE,2601,CHAP NHAN THE,260101,DICH VU CHAP NHAN THE TREN ATM_L4,#D1E8E2
26010102,DICH VU CHAP NHAN THE TREN POS,26,DICH VU THE,2601,CHAP NHAN THE,260102,DICH VU CHAP NHAN THE TREN POS_L4,#D1E8E2
26010103,DICH VU CHAP NHAN THE TREN POS_DUOI GIA VON,26,DICH VU THE,2601,CHAP NHAN THE,260102,DICH VU CHAP NHAN THE TREN POS_L4,#D1E8E2
26010399,DUMMY_CHAP NHAN THE,26,DICH VU THE,2601,CHAP NHAN THE,260103,DUMMY_CHAP NHAN THE_L4,#D1E8E2
26020101,THE GHI NO NOI DIA,26,DICH VU THE,2602,PHAT HANH THE,260201,THE GHI NO NOI DIA_L4,#D1E8E2
26020102,THE GHI NO QUOC TE,26,DICH VU THE,2602,PHAT HANH THE,260202,THE GHI NO QUOC TE_L4,#D1E8E2
26020103,THE TIN DUNG NOI DIA,26,DICH VU THE,2602,PHAT HANH THE,260203,THE TIN DUNG NOI DIA_L4,#D1E8E2
26020104,THE TIN DUNG QUOC TE,26,DICH VU THE,2602,PHAT HANH THE,260204,THE TIN DUNG QUOC TE_L4,#D1E8E2
26020105,THE TRA TRUOC NOI DIA,26,DICH VU THE,2602,PHAT HANH THE,260205,THE TRA TRUOC NOI DIA_L4,#D1E8E2
26020106,THE TRA TRUOC QUOC TE,26,DICH VU THE,2602,PHAT HANH THE,260206,THE TRA TRUOC QUOC TE_L4,#D1E8E2
26020799,DUMMY_PH THE,26,DICH VU THE,2602,PHAT HANH THE,260207,DUMMY_PH THE_L4,#D1E8E2
26030199,DUMMY_THE,26,DICH VU THE,2603,DUMMY_THE_L3,260301,DUMMY_THE_L4,#D1E8E2
27010101,BAO HIEM TU BIC,27,CAC DICH VU NGAN HANG KHAC,2701,BAO HIEM,270101,BAO HIEM TU BIC_L4,#FAD5A5
27010201,BAO HIEM TU CAC TO CHUC KHAC,27,CAC DICH VU NGAN HANG KHAC,2701,BAO HIEM,270102,BAO HIEM TU CAC TO CHUC KHAC_L4,#FAD5A5
27010399,DUMMY_BAO HIEM,27,CAC DICH VU NGAN HANG KHAC,2701,BAO HIEM,270103,DUMMY_BAO HIEM_L4,#FAD5A5
27020101,DICH VU NGAN HANG LUU KY VA NGAN HANG GIAM SAT,27,CAC DICH VU NGAN HANG KHAC,2702,DICH VU NGAN HANG LUU KY VA NGAN HANG GIAM SAT_L3,270201,DICH VU NGAN HANG LUU KY VA NGAN HANG GIAM SAT_L4,#FAD5A5
27030101,DICH VU CHO THUE KET,27,CAC DICH VU NGAN HANG KHAC,2703,DICH VU NGAN QUY,270301,DICH VU CHO THUE KET_L4,#FAD5A5
27030201,DICH VU BAO QUAN TAI SAN,27,CAC DICH VU NGAN HANG KHAC,2703,DICH VU NGAN QUY,270302,DICH VU BAO QUAN TAI SAN_L4,#FAD5A5
27030301,DICH VU NGAN QUY KHAC,27,CAC DICH VU NGAN HANG KHAC,2703,DICH VU NGAN QUY,270303,DICH VU NGAN QUY KHAC_L4,#FAD5A5
27030499,DUMMY_DICH VU NGAN QUY,27,CAC DICH VU NGAN HANG KHAC,2703,DICH VU NGAN QUY,270304,DUMMY_DICH VU NGAN QUY_L4,#FAD5A5
27040101,DICH VU QUAN LY TAI KHOAN,27,CAC DICH VU NGAN HANG KHAC,2704,DICH VU QUAN LY TAI KHOAN_L3,270401,DICH VU QUAN LY TAI KHOAN_L4,#FAD5A5
27040103,DICH VU MO TAI KHOAN THEO YEU CAU,27,CAC DICH VU NGAN HANG KHAC,2704,DICH VU QUAN LY TAI KHOAN_L3,270401,DICH VU QUAN LY TAI KHOAN_L4,#FAD5A5
27040105,DICH VU TAI KHOAN CHON TEN NHU Y,27,CAC DICH VU NGAN HANG KHAC,2704,DICH VU QUAN LY TAI KHOAN_L3,270401,DICH VU QUAN LY TAI KHOAN_L4,#FAD5A5
27040106,DICH VU TAI KHOAN DINH DANH (VIRTUAL ACCOUNT),27,CAC DICH VU NGAN HANG KHAC,2704,DICH VU QUAN LY TAI KHOAN_L3,270401,DICH VU QUAN LY TAI KHOAN_L4,#FAD5A5
27050101,MUA BAN NO,27,CAC DICH VU NGAN HANG KHAC,2705,MUA BAN NO_L3,270501,MUA BAN NO_L4,#FAD5A5
27070101,IBMB_PHI DUY TRI DICH VU VA PHI TOKEN,27,CAC DICH VU NGAN HANG KHAC,2707,PHI DICH VU NGAN HANG DIEN TU,270701,PHI DICH VU NGAN HANG DIEN TU_L4,#FAD5A5
27070103,BSMS,27,CAC DICH VU NGAN HANG KHAC,2707,PHI DICH VU NGAN HANG DIEN TU,270701,PHI DICH VU NGAN HANG DIEN TU_L4,#FAD5A5
27070104,DICH VU NGAN HANG DIEN TU KHAC,27,CAC DICH VU NGAN HANG KHAC,2707,PHI DICH VU NGAN HANG DIEN TU,270701,PHI DICH VU NGAN HANG DIEN TU_L4,#FAD5A5
27070105,SMART BANKING_PHI DUY TRI DICH VU,27,CAC DICH VU NGAN HANG KHAC,2707,PHI DICH VU NGAN HANG DIEN TU,270701,PHI DICH VU NGAN HANG DIEN TU_L4,#FAD5A5
27070107,PHI THUONG NIEN BIDV IBANK,27,CAC DICH VU NGAN HANG KHAC,2707,PHI DICH VU NGAN HANG DIEN TU,270701,PHI DICH VU NGAN HANG DIEN TU_L4,#FAD5A5
27070199,DUMMY_NGAN HANG DIEN TU,27,CAC DICH VU NGAN HANG KHAC,2707,PHI DICH VU NGAN HANG DIEN TU,270701,PHI DICH VU NGAN HANG DIEN TU_L4,#FAD5A5
27080101,DICH VU KHAC,27,CAC DICH VU NGAN HANG KHAC,2708,DICH VU KHAC_L3,270801,DICH VU KHAC_L4,#FAD5A5
27080102,DICH VU BAN CHEO SAN PHAM CHUNG KHOAN,27,CAC DICH VU NGAN HANG KHAC,2708,DICH VU KHAC_L3,270801,DICH VU KHAC_L4,#FAD5A5
27080103,DICH VU KHAC_POS GHI NHAN DUOI GIA VON,27,CAC DICH VU NGAN HANG KHAC,2708,DICH VU KHAC_L3,270801,DICH VU KHAC_L4,#FAD5A5
27080104,DICH VU BAN CHEO SAN PHAM DAU TU,27,CAC DICH VU NGAN HANG KHAC,2708,DICH VU KHAC_L3,270801,DICH VU KHAC_L4,#FAD5A5
28010101,DAU TU VAO CONG TY CON_CHIEN LUOC,28,CAC KHOAN MUC CAN DOI KHAC,2801,DAU TU VON,280101,CAC KHOAN DAU TU CHIEN LUOC,#89CFF0
28010102,DAU TU VAO CONG TY LIEN DOANH_CHIEN LUOC,28,CAC KHOAN MUC CAN DOI KHAC,2801,DAU TU VON,280101,CAC KHOAN DAU TU CHIEN LUOC,#89CFF0
28010103,DAU TU VAO CONG TY LIEN KET_CHIEN LUOC,28,CAC KHOAN MUC CAN DOI KHAC,2801,DAU TU VON,280101,CAC KHOAN DAU TU CHIEN LUOC,#89CFF0
28010104,DAU TU TAI CHINH_CHIEN LUOC,28,CAC KHOAN MUC CAN DOI KHAC,2801,DAU TU VON,280101,CAC KHOAN DAU TU CHIEN LUOC,#89CFF0
28010199,DUMMY_CAC KHOAN DAU TU CHIEN LUOC,28,CAC KHOAN MUC CAN DOI KHAC,2801,DAU TU VON,280101,CAC KHOAN DAU TU CHIEN LUOC,#89CFF0
28010201,DAU TU VAO CONG TY CON_KHAC,28,CAC KHOAN MUC CAN DOI KHAC,2801,DAU TU VON,280102,CAC KHOAN DAU TU KHAC,#89CFF0
28010202,DAU TU VAO CONG TY LIEN DOANH_KHAC,28,CAC KHOAN MUC CAN DOI KHAC,2801,DAU TU VON,280102,CAC KHOAN DAU TU KHAC,#89CFF0
28010203,DAU TU VAO CONG TY LIEN KET_KHAC,28,CAC KHOAN MUC CAN DOI KHAC,2801,DAU TU VON,280102,CAC KHOAN DAU TU KHAC,#89CFF0
28010204,DAU TU TAI CHINH_KHAC,28,CAC KHOAN MUC CAN DOI KHAC,2801,DAU TU VON,280102,CAC KHOAN DAU TU KHAC,#89CFF0
28010299,DUMMY_CAC KHOAN DAU TU KHAC,28,CAC KHOAN MUC CAN DOI KHAC,2801,DAU TU VON,280102,CAC KHOAN DAU TU KHAC,#89CFF0
28020101,GIAO DICH TREN THI TRUONG TIEN TE_DI VAY VA NHAN TIEN GUI,28,CAC KHOAN MUC CAN DOI KHAC,2802,SAN PHAM KINH DOANH VON SO NGAN HANG,280201,GIAO DICH TREN THI TRUONG TIEN TE_L4,#89CFF0
28020102,GIAO DICH TREN THI TRUONG TIEN TE_CHO VAY VA DAU TU TIEN GUI,28,CAC KHOAN MUC CAN DOI KHAC,2802,SAN PHAM KINH DOANH VON SO NGAN HANG,280201,GIAO DICH TREN THI TRUONG TIEN TE_L4,#89CFF0
28020199,DUMMY_GIAO DICH TREN THI TRUONG TIEN TE_BANKING BOOK,28,CAC KHOAN MUC CAN DOI KHAC,2802,SAN PHAM KINH DOANH VON SO NGAN HANG,280201,GIAO DICH TREN THI TRUONG TIEN TE_L4,#89CFF0
28020201,KINH DOANH NGOAI TE,28,CAC KHOAN MUC CAN DOI KHAC,2802,SAN PHAM KINH DOANH VON SO NGAN HANG,280202,KINH DOANH NGOAI TE_L4,#89CFF0
28020301,DAU TU GTCG,28,CAC KHOAN MUC CAN DOI KHAC,2802,SAN PHAM KINH DOANH VON SO NGAN HANG,280203,DAU TU GTCG_L4,#89CFF0
28020401,PHAI SINH TAI CHINH,28,CAC KHOAN MUC CAN DOI KHAC,2802,SAN PHAM KINH DOANH VON SO NGAN HANG,280204,PHAI SINH TAI CHINH_L4,#89CFF0
28030101,"TIEN MAT, VANG BAC, DA QUY",28,CAC KHOAN MUC CAN DOI KHAC,2803,"TIEN MAT, VANG BAC, DA QUY_L3",280301,"TIEN MAT, VANG BAC, DA QUY_L4",#89CFF0
28040101,TAI SAN CO DINH,28,CAC KHOAN MUC CAN DOI KHAC,2804,TAI SAN CO DINH_L3,280401,TAI SAN CO DINH_L4,#89CFF0
28050101,PHI PHAI THU,28,CAC KHOAN MUC CAN DOI KHAC,2805,PHI PHAI THU_L3,280501,PHI PHAI THU_L4,#89CFF0
28060101,PHAI THU KHAC,28,CAC KHOAN MUC CAN DOI KHAC,2806,PHAI THU KHAC_L3,280601,PHAI THU KHAC_L4,#89CFF0
28070101,TAI SAN KHAC,28,CAC KHOAN MUC CAN DOI KHAC,2807,TAI SAN KHAC_L3,280701,TAI SAN KHAC_L4,#89CFF0
28080101,PHI PHAI TRA,28,CAC KHOAN MUC CAN DOI KHAC,2808,PHI PHAI TRA_L3,280801,PHI PHAI TRA_L4,#89CFF0
28090101,CONG NO KHAC,28,CAC KHOAN MUC CAN DOI KHAC,2809,CONG NO KHAC_L3,280901,CONG NO KHAC_L4,#89CFF0
28100101,VON VA QUY,28,CAC KHOAN MUC CAN DOI KHAC,2810,VON VA QUY_L3,281001,VON VA QUY_L4,#89CFF0
28110101,DU PHONG KHAC,28,CAC KHOAN MUC CAN DOI KHAC,2811,DU PHONG KHAC_L3,281101,DU PHONG KHAC_L4,#89CFF0
28120101,CAC KHOAN MUC NGOAI BANG,28,CAC KHOAN MUC CAN DOI KHAC,2812,CAC KHOAN MUC NGOAI BANG_L3,281201,CAC KHOAN MUC NGOAI BANG_L4,#89CFF0
29010101,UNALLOCATED PL,29,CAC KHOAN MUC LAI LO KHAC_L2,2901,UNALLOCATED PL_L3,290101,UNALLOCATED PL_L4,#B39EB5
29020101,CAC KHOAN MUC LAI LO KHAC,29,CAC KHOAN MUC LAI LO KHAC_L2,2902,CAC KHOAN MUC LAI LO KHAC_L3,290201,CAC KHOAN MUC LAI LO KHAC_L4,#B39EB5
99,SAN PHAM KHAC,91,SAN PHAM KHAC_L2,9991,SAN PHAM KHAC_L3,999991,SAN PHAM KHAC_L4,#FFD1DC
