Link,ID,Step 1,Step 2,Step 3,Step 4,Step 5,Size
link,Thing 001,D,H,N,Q,W,72
link,Thing 002,A,F,I,O,X,140
link,Thing 003,A,E,I,O,X,232
link,Thing 004,D,G,N,Q,X,89
link,Thing 005,B,E,I,R,X,213
link,Thing 006,C,H,K,V,X,417
link,Thing 007,A,G,I,P,Y,215
link,Thing 008,B,F,I,Q,Y,142
link,Thing 009,B,G,I,S,Y,278
link,Thing 010,C,F,I,T,Y,258
link,Thing 011,D,E,L,Q,Z,224
link,Thing 012,C,G,J,U,Z,212
link,Thing 013,D,F,M,U,Z,283
link,Thing 014,D,H,N,Q,W,237
link,Thing 015,A,F,I,O,X,347
link,Thing 016,A,E,I,O,X,355
link,Thing 017,D,G,N,Q,X,448
link,Thing 018,B,E,I,R,X,123
link,Thing 019,C,H,K,V,X,355
link,Thing 020,A,G,I,P,Y,214
link,Thing 021,B,F,I,Q,Y,305
link,Thing 022,B,G,I,S,Y,369
link,Thing 023,C,F,I,T,Y,142
link,Thing 024,D,E,L,Q,Z,177
link,Thing 025,C,G,J,U,Z,322
link,Thing 026,D,F,M,U,Z,110
link,Thing 027,D,H,N,Q,W,231
link,Thing 028,A,F,I,O,X,334
link,Thing 029,A,E,I,O,X,120
link,Thing 030,D,G,N,Q,X,277
link,Thing 031,B,E,I,R,X,344
link,Thing 032,C,H,K,V,X,374
link,Thing 033,A,G,I,P,Y,292
link,Thing 034,B,F,I,Q,Y,109
link,Thing 035,B,G,I,S,Y,325
link,Thing 036,C,F,I,T,Y,413
link,Thing 037,D,E,L,Q,Z,130
link,Thing 038,C,G,J,U,Z,73
link,Thing 039,D,F,M,U,Z,339
link,Thing 040,D,H,N,Q,W,165
link,Thing 041,A,F,I,O,X,284
link,Thing 042,A,E,I,O,X,396
link,Thing 043,D,G,N,Q,X,71
link,Thing 044,B,E,I,R,X,82
link,Thing 045,C,H,K,V,X,64
link,Thing 046,A,G,I,P,Y,202
link,Thing 047,B,F,I,Q,Y,398
link,Thing 048,B,G,I,S,Y,429
link,Thing 049,C,F,I,T,Y,324
link,Thing 050,D,E,L,Q,Z,119
link,Thing 051,C,G,J,U,Z,143
link,Thing 052,D,F,M,U,Z,264
link,Thing 053,D,H,N,Q,W,197
link,Thing 054,A,F,I,O,X,218
link,Thing 055,A,E,I,O,X,105
link,Thing 056,D,G,N,Q,X,208
link,Thing 057,B,E,I,R,X,314
link,Thing 058,C,H,K,V,X,224
link,Thing 059,A,G,I,P,Y,312
link,Thing 060,B,F,I,Q,Y,344
link,Thing 061,B,G,I,S,Y,353
link,Thing 062,C,F,I,T,Y,373
link,Thing 063,D,E,L,Q,Z,306
link,Thing 064,C,G,J,U,Z,390
link,Thing 065,D,F,M,U,Z,220
link,Thing 066,D,H,N,Q,W,163
link,Thing 067,A,F,I,O,X,322
link,Thing 068,A,E,I,O,X,421
link,Thing 069,D,G,N,Q,X,304
link,Thing 070,B,E,I,R,X,170
link,Thing 071,C,H,K,V,X,180
link,Thing 072,A,G,I,P,Y,387
link,Thing 073,B,F,I,Q,Y,328
link,Thing 074,B,G,I,S,Y,162
link,Thing 075,C,F,I,T,Y,309
link,Thing 076,D,E,L,Q,Z,75
link,Thing 077,C,G,J,U,Z,283
link,Thing 078,D,F,M,U,Z,51
link,Thing 079,D,H,N,Q,W,417
link,Thing 080,A,F,I,O,X,390
link,Thing 081,A,E,I,O,X,285
link,Thing 082,D,G,N,Q,X,294
link,Thing 083,B,E,I,R,X,382
link,Thing 084,C,H,K,V,X,105
link,Thing 085,A,G,I,P,Y,365
link,Thing 086,B,F,I,Q,Y,124
link,Thing 087,B,G,I,S,Y,232
link,Thing 088,C,F,I,T,Y,400
link,Thing 089,D,E,L,Q,Z,269
link,Thing 090,C,G,J,U,Z,407
link,Thing 091,D,F,M,U,Z,378
link,Thing 092,D,H,N,Q,W,427
link,Thing 093,A,F,I,O,X,63
link,Thing 094,A,E,I,O,X,297
link,Thing 095,D,G,N,Q,X,289
link,Thing 096,B,E,I,R,X,420
link,Thing 097,C,H,K,V,X,425
link,Thing 098,A,G,I,P,Y,398
link,Thing 099,B,F,I,Q,Y,227
link,Thing 100,B,G,I,S,Y,242
link,Thing 101,C,F,I,T,Y,247
link,Thing 102,D,E,L,Q,Z,370
link,Thing 103,C,G,J,U,Z,129
link,Thing 104,D,F,M,U,Z,412
link,Thing 105,D,H,N,Q,W,60
link,Thing 106,A,F,I,O,X,321
link,Thing 107,A,E,I,O,X,256
link,Thing 108,D,G,N,Q,X,73
link,Thing 109,B,E,I,R,X,95
link,Thing 110,C,H,K,V,X,184
link,Thing 111,A,G,I,P,Y,92
link,Thing 112,B,F,I,Q,Y,333
link,Thing 113,B,G,I,S,Y,320
link,Thing 114,C,F,I,T,Y,303
link,Thing 115,D,E,L,Q,Z,204
link,Thing 116,C,G,J,U,Z,91
link,Thing 117,D,F,M,U,Z,64
link,Thing 118,D,H,N,Q,W,318
link,Thing 119,A,F,I,O,X,233
link,Thing 120,A,E,I,O,X,162
link,Thing 121,D,G,N,Q,X,434
link,Thing 122,B,E,I,R,X,126
link,Thing 123,C,H,K,V,X,405
link,Thing 124,A,G,I,P,Y,51
link,Thing 125,B,F,I,Q,Y,150
link,Thing 126,B,G,I,S,Y,253
link,Thing 127,C,F,I,T,Y,248
link,Thing 128,D,E,L,Q,Z,254
link,Thing 129,C,G,J,U,Z,418
link,Thing 130,D,F,M,U,Z,215