Tên khối,Màu
KHOI DAU TU,#FFD1DC
KHOI DAU TU,#FFD1DC
KHOI BAN BUON,#77DD77
KHOI BAN BUON,#77DD77
KHOI BAN BUON,#77DD77
KHOI BAN BUON,#77DD77
KHOI BAN BUON,#77DD77
KHOI BAN BUON,#77DD77
KHOI BAN BUON,#77DD77
KHOI BAN BUON,#77DD77
KHOI BAN BUON,#77DD77
KHOI BAN BUON,#77DD77
KHOI BAN BUON,#77DD77
KHOI BAN BUON,#77DD77
KHOI BAN BUON,#77DD77
KHOI BAN BUON,#77DD77
KHOI BAN BUON,#77DD77
KHOI BAN BUON,#77DD77
KHOI BAN BUON,#77DD77
KHOI BAN LE,#89CFF0
KHOI BAN LE,#89CFF0
KHOI BAN LE,#89CFF0
KHOI BAN LE,#89CFF0
KHOI BAN LE,#89CFF0
KHOI BAN LE,#89CFF0
KHOI BAN LE,#89CFF0
KHOI BAN LE,#89CFF0
KHOI BAN LE,#89CFF0
KHOI BAN LE,#89CFF0
KHOI BAN LE,#89CFF0
KHOI BAN LE,#89CFF0
KHOI BAN LE,#89CFF0
KHOI BAN LE,#89CFF0
KHOI BAN LE,#89CFF0
KHOI BAN LE,#89CFF0
KHOI KINH DOANH VON VA TIEN TE,#B39EB5
KHOI KINH DOANH VON VA TIEN TE,#B39EB5
KHOI KINH DOANH VON VA TIEN TE,#B39EB5
KHOI QUAN LY RUI RO,#FDFD96
KHOI QUAN LY RUI RO,#FDFD96
KHOI QUAN LY RUI RO,#FDFD96
KHOI TAC NGHIEP,#FFB347
KHOI TAC NGHIEP,#FFB347
KHOI TAC NGHIEP,#FFB347
KHOI TAC NGHIEP,#FFB347
KHOI TAC NGHIEP,#FFB347
KHOI TAC NGHIEP,#FFB347
KHOI TAC NGHIEP,#FFB347
KHOI TAC NGHIEP,#FFB347
KHOI TAI CHINH-KE TOAN,#ECC8EC
KHOI TAI CHINH-KE TOAN,#ECC8EC
KHOI TAI CHINH-KE TOAN,#ECC8EC
KHOI TAI CHINH-KE TOAN,#ECC8EC
KHOI TAI CHINH-KE TOAN,#ECC8EC
KHOI HO TRO,#CBF3D2
KHOI HO TRO,#CBF3D2
KHOI HO TRO,#CBF3D2
KHOI HO TRO,#CBF3D2
KHOI HO TRO,#CBF3D2
KHOI HO TRO,#CBF3D2
KHOI HO TRO,#CBF3D2
KHOI HO TRO,#CBF3D2
KHOI HO TRO,#CBF3D2
KHOI HO TRO,#CBF3D2
KHOI HO TRO,#CBF3D2
KHOI HO TRO,#CBF3D2
KHOI HO TRO,#CBF3D2
KHOI HO TRO,#CBF3D2
KHOI HO TRO,#CBF3D2
TRUNG TAM VON,#FFE5B4
TRUNG TAM VON,#FFE5B4
BO PHAN CHUNG,#CFCFC4
BO PHAN CHUNG,#CFCFC4
BO PHAN CHUNG,#CFCFC4
BO PHAN CHUNG,#CFCFC4
BO PHAN CHUNG,#CFCFC4
BO PHAN CHUNG,#CFCFC4
BO PHAN CHUNG,#CFCFC4
BO PHAN CHUNG,#CFCFC4
BO PHAN CHUNG,#CFCFC4
BO PHAN CHUNG,#CFCFC4
BO PHAN CHUNG,#CFCFC4
BAN LANH DAO,#FF6961
BAN LANH DAO,#FF6961
BAN LANH DAO,#FF6961
BAN LANH DAO,#FF6961
KHOI GIAM SAT VA TUAN THU,#B0E0E6
KHOI GIAM SAT VA TUAN THU,#B0E0E6
KHOI CNTT VA NGAN HANG SO,#CB99C9
KHOI CNTT VA NGAN HANG SO,#CB99C9
KHOI CNTT VA NGAN HANG SO,#CB99C9
KHOI CNTT VA NGAN HANG SO,#CB99C9
KHOI DANG-DOAN THE,#D1E8E2
KHOI DANG-DOAN THE,#D1E8E2
KHOI DANG-DOAN THE,#D1E8E2
KHOI DANG-DOAN THE,#D1E8E2
KHOI DANG-DOAN THE,#D1E8E2
KHOI DANG-DOAN THE,#D1E8E2
KHOI THAM DINH VA PHE DUYET,#FAD5A5
KHOI THAM DINH VA PHE DUYET,#FAD5A5
KHOI BAN LE,#89CFF0
KHOI BAN LE,#89CFF0
KHOI KINH DOANH VON VA TIEN TE,#B39EB5
KHOI KINH DOANH VON VA TIEN TE,#B39EB5
KHOI DAU TU,#FFD1DC
KHOI BAN BUON,#77DD77
KHOI BAN BUON,#77DD77
KHOI BAN BUON,#77DD77
KHOI BAN BUON,#77DD77
KHOI BAN BUON,#77DD77
KHOI BAN BUON,#77DD77
KHOI BAN BUON,#77DD77
KHOI BAN BUON,#77DD77
KHOI BAN BUON,#77DD77
KHOI BAN BUON,#77DD77
KHOI BAN BUON,#77DD77
KHOI BAN BUON,#77DD77
KHOI BAN BUON,#77DD77
KHOI BAN BUON,#77DD77
KHOI BAN BUON,#77DD77
KHOI BAN BUON,#77DD77
KHOI BAN LE,#89CFF0
KHOI BAN LE,#89CFF0
KHOI BAN LE,#89CFF0
KHOI BAN LE,#89CFF0
KHOI BAN LE,#89CFF0
KHOI BAN LE,#89CFF0
KHOI BAN LE,#89CFF0
KHOI BAN LE,#89CFF0
KHOI BAN LE,#89CFF0
KHOI BAN LE,#89CFF0
KHOI BAN LE,#89CFF0
KHOI BAN LE,#89CFF0
KHOI BAN LE,#89CFF0
KHOI BAN LE,#89CFF0
KHOI KINH DOANH VON VA TIEN TE,#B39EB5
KHOI KINH DOANH VON VA TIEN TE,#B39EB5
KHOI QUAN LY RUI RO,#FDFD96
KHOI QUAN LY RUI RO,#FDFD96
KHOI QUAN LY RUI RO,#FDFD96
KHOI TAC NGHIEP,#FFB347
KHOI TAC NGHIEP,#FFB347
KHOI TAC NGHIEP,#FFB347
KHOI TAC NGHIEP,#FFB347
KHOI TAC NGHIEP,#FFB347
KHOI TAC NGHIEP,#FFB347
KHOI TAC NGHIEP,#FFB347
KHOI TAI CHINH-KE TOAN,#ECC8EC
KHOI TAI CHINH-KE TOAN,#ECC8EC
KHOI TAI CHINH-KE TOAN,#ECC8EC
KHOI TAI CHINH-KE TOAN,#ECC8EC
KHOI TAI CHINH-KE TOAN,#ECC8EC
KHOI HO TRO,#CBF3D2
KHOI HO TRO,#CBF3D2
KHOI HO TRO,#CBF3D2
KHOI HO TRO,#CBF3D2
KHOI HO TRO,#CBF3D2
KHOI HO TRO,#CBF3D2
KHOI HO TRO,#CBF3D2
KHOI HO TRO,#CBF3D2
KHOI HO TRO,#CBF3D2
KHOI HO TRO,#CBF3D2
KHOI HO TRO,#CBF3D2
KHOI HO TRO,#CBF3D2
KHOI HO TRO,#CBF3D2
KHOI HO TRO,#CBF3D2
TRUNG TAM VON,#FFE5B4
TRUNG TAM VON,#FFE5B4
BO PHAN CHUNG,#CFCFC4
BO PHAN CHUNG,#CFCFC4
BO PHAN CHUNG,#CFCFC4
BO PHAN CHUNG,#CFCFC4
BO PHAN CHUNG,#CFCFC4
BO PHAN CHUNG,#CFCFC4
BO PHAN CHUNG,#CFCFC4
BO PHAN CHUNG,#CFCFC4
BAN LANH DAO,#FF6961
BAN LANH DAO,#FF6961
BAN LANH DAO,#FF6961
BAN LANH DAO,#FF6961
KHOI GIAM SAT VA TUAN THU,#B0E0E6
KHOI GIAM SAT VA TUAN THU,#B0E0E6
KHOI CNTT VA NGAN HANG SO,#CB99C9
KHOI CNTT VA NGAN HANG SO,#CB99C9
KHOI CNTT VA NGAN HANG SO,#CB99C9
KHOI CNTT VA NGAN HANG SO,#CB99C9
KHOI DANG-DOAN THE,#D1E8E2
KHOI DANG-DOAN THE,#D1E8E2
KHOI DANG-DOAN THE,#D1E8E2
KHOI DANG-DOAN THE,#D1E8E2
KHOI DANG-DOAN THE,#D1E8E2
KHOI DANG-DOAN THE,#D1E8E2
KHOI THAM DINH VA PHE DUYET,#FAD5A5
KHOI THAM DINH VA PHE DUYET,#FAD5A5
KHOI BAN LE,#89CFF0
KHOI BAN LE,#89CFF0
KHOI KINH DOANH VON VA TIEN TE,#B39EB5
KHOI KINH DOANH VON VA TIEN TE,#B39EB5
