LEVEL_06_CODE ,TÊN GỐC,Tên khối
7199,,
117000071000,Trung tâm CNTT,KHOI HO TRO
117000071764,Trung tâm CNTT,KHOI HO TRO
117200071000,Trung tâm CNTT,KHOI HO TRO
117400071000,Trung tâm CNTT,KHOI HO TRO
117400071751,Trung tâm CNTT,KHOI HO TRO
117400071752,Trung tâm CNTT,KHOI HO TRO
117400071753,Trung tâm CNTT,KHOI HO TRO
117400071754,Trung tâm CNTT,KHOI HO TRO
117400071757,Trung tâm CNTT,KHOI HO TRO
117400071758,Trung tâm CNTT,KHOI HO TRO
117400071759,Trung tâm CNTT,KHOI HO TRO
117400071760,Trung tâm CNTT,KHOI HO TRO
117400071761,Trung tâm CNTT,KHOI HO TRO
117400071764,Trung tâm CNTT,KHOI HO TRO
117400071950,Trung tâm CNTT,KHOI HO TRO
117400071999,Trung tâm CNTT,KHOI HO TRO
7299,Viện ĐTNC,
117500072000,Viện ĐTNC,KHOI HO TRO
117500072770,Viện ĐTNC,KHOI HO TRO
117500072771,Viện ĐTNC,KHOI HO TRO
117500072773,Viện ĐTNC,KHOI HO TRO
117500072774,Viện ĐTNC,KHOI HO TRO
117500072775,Viện ĐTNC,KHOI HO TRO
117500072776,Viện ĐTNC,KHOI HO TRO
117500072777,Viện ĐTNC,KHOI HO TRO
117500072778,Viện ĐTNC,KHOI HO TRO
117500072782,Viện ĐTNC,KHOI HO TRO
7399,Văn phòng đại diện Đà Nẵng,
117500073000,,KHOI HO TRO
117500073680,,KHOI HO TRO
117500073745,,KHOI HO TRO
117500073746,,KHOI HO TRO
117500073747,,KHOI HO TRO
7499,Văn phòng đại diện Cần Thơ,
117500074000,,KHOI HO TRO
13199,Văn phòng đại diện HCM,
117500131000,Văn phòng đại diện HCM,KHOI HO TRO
117500131016,Văn phòng đại diện HCM,KHOI HO TRO
117500131030,Văn phòng đại diện HCM,KHOI HO TRO
117500131140,Văn phòng đại diện HCM,KHOI HO TRO
117500131210,Văn phòng đại diện HCM,KHOI HO TRO
117500131310,Văn phòng đại diện HCM,KHOI HO TRO
117500131340,Văn phòng đại diện HCM,KHOI HO TRO
117500131410,Văn phòng đại diện HCM,KHOI HO TRO
117500131470,Văn phòng đại diện HCM,KHOI HO TRO
117500131652,Văn phòng đại diện HCM,KHOI HO TRO
117500131653,Văn phòng đại diện HCM,KHOI HO TRO
117500131680,Văn phòng đại diện HCM,KHOI HO TRO
117500131710,Văn phòng đại diện HCM,KHOI HO TRO
117500131720,Văn phòng đại diện HCM,KHOI HO TRO
117500131740,Văn phòng đại diện HCM,KHOI HO TRO
117500131741,Văn phòng đại diện HCM,KHOI HO TRO
117500131742,Văn phòng đại diện HCM,KHOI HO TRO
117500131760,Văn phòng đại diện HCM,KHOI HO TRO
87899,,
99099,,
99199,,
99899,,
110100990250,Ban Quản lý đầu tư,KHOI DAU TU
110300990000,,KHOI DAU TU
111000990012,Ban Tài trợ dự án,KHOI BAN BUON
111000990016,Ban Khách hàng doanh nghiệp,KHOI BAN BUON
111000990040,Ban Định chế tài chính,KHOI BAN BUON
111100990012,Ban Tài trợ dự án,KHOI BAN BUON
111100990016,Ban Khách hàng doanh nghiệp,KHOI BAN BUON
111100990040,Ban Định chế tài chính,KHOI BAN BUON
111300990000,,KHOI BAN BUON
111300990012,Ban Tài trợ dự án,KHOI BAN BUON
111300990015,Ban Chính sách SP bán buôn,KHOI BAN BUON
111300990016,Ban Khách hàng doanh nghiệp,KHOI BAN BUON
111300990030,Ban KHDN nước ngoài,KHOI BAN BUON
111300990070,Ban Nguồn vốn ủy thác quốc tế,KHOI BAN BUON
111400990012,Ban Tài trợ dự án,KHOI BAN BUON
111400990040,Ban Định chế tài chính,KHOI BAN BUON
111500990017,Ban QLDA NHĐT cho KHTC,KHOI BAN BUON
111500990018,Ban QLDA SCF,KHOI BAN BUON
111500990040,Ban Định chế tài chính,KHOI BAN BUON
112000990110,Ban Khách hàng bán lẻ,KHOI BAN LE
112000990130,Ban Sản phẩm bán lẻ,KHOI BAN LE
112000990140,Trung tâm Thẻ và vận hành,KHOI BAN LE
112000990180,Trung tâm Chăm sóc khách hàng,KHOI BAN LE
112100990180,Trung tâm Chăm sóc khách hàng,KHOI BAN LE
112100990190,TT Khách hàng cá nhân cao cấp,KHOI BAN LE
112100999190,TT Khách hàng cá nhân cao cấp,KHOI BAN LE
112200990110,Ban Khách hàng bán lẻ,KHOI BAN LE
112200990130,Ban Sản phẩm bán lẻ,KHOI BAN LE
112300990000,,KHOI BAN LE
112300990110,Ban Khách hàng bán lẻ,KHOI BAN LE
112300990130,Ban Sản phẩm bán lẻ,KHOI BAN LE
112300990140,Trung tâm Thẻ và vận hành,KHOI BAN LE
112400990180,Trung tâm Chăm sóc khách hàng,KHOI BAN LE
112500990180,Trung tâm Chăm sóc khách hàng,KHOI BAN LE
112500990192,Ban QLDA XD HT CRM toàn hàng,KHOI BAN LE
113000990210,Ban Kinh doanh vốn và tiền tệ,KHOI KINH DOANH VON VA TIEN TE
113300990000,,KHOI KINH DOANH VON VA TIEN TE
113400990210,Ban Kinh doanh vốn và tiền tệ,KHOI KINH DOANH VON VA TIEN TE
114200990330,Ban Quản lý rủi ro toàn hàng,KHOI QUAN LY RUI RO
114200990340,Trung tâm Xử lý nợ,KHOI QUAN LY RUI RO
114500990320,Ban QLRR hoạt động và TT,KHOI QUAN LY RUI RO
115000990430,Trung tâm Dịch vụ khách hàng,KHOI TAC NGHIEP
115200990410,Trung tâm Tác nghiệp TTTM,KHOI TAC NGHIEP
115200990420,Trung tâm Thanh toán,KHOI TAC NGHIEP
115200990430,Trung tâm Dịch vụ khách hàng,KHOI TAC NGHIEP
115500990430,Trung tâm Dịch vụ khách hàng,KHOI TAC NGHIEP
115500990460,Trung tâm QL DV kho quỹ,KHOI TAC NGHIEP
115500990470,Trung tâm DVKQ phía Nam,KHOI TAC NGHIEP
115500998460,Trung tâm QL DV kho quỹ,KHOI TAC NGHIEP
116000990530,Ban Hỗ trợ ALCO,KHOI TAI CHINH-KE TOAN
116500990510,Ban Tài chính,KHOI TAI CHINH-KE TOAN
116500990530,Ban Hỗ trợ ALCO,KHOI TAI CHINH-KE TOAN
116500990540,Ban Kế toán,KHOI TAI CHINH-KE TOAN
116500990560,Ban Kế hoạch,KHOI TAI CHINH-KE TOAN
117400990690,Văn Phòng,KHOI HO TRO
117500990601,Ban Tổ chức nhân sự,KHOI HO TRO
117500990620,Ban Quản lý tài sản nội ngành,KHOI HO TRO
117500990621,TT Mua sắm tập trung,KHOI HO TRO
117500990640,Ban Truyền thông - Thương hiệu,KHOI HO TRO
117500990651,Ban Quản lý dự án 1,KHOI HO TRO
117500990652,Ban Quản lý dự án 2,KHOI HO TRO
117500990670,Ban Kiểm toán nội bộ,KHOI HO TRO
117500990730,,KHOI HO TRO
117500990790,Ban Thư ký HĐQT và QH cổ đông,KHOI HO TRO
117500990791,Ban Quản trị chiến lược,KHOI HO TRO
117500990792,Ban Chính sách và GS hệ thống,KHOI HO TRO
117500990999,,KHOI HO TRO
117500992000,,KHOI HO TRO
117500993000,,KHOI HO TRO
118100990530,Ban Hỗ trợ ALCO,TRUNG TAM VON
118200990530,Ban Hỗ trợ ALCO,TRUNG TAM VON
119000878000,,BO PHAN CHUNG
119000990000,,BO PHAN CHUNG
119000998000,,BO PHAN CHUNG
119000999000,TT Khách hàng cá nhân cao cấp,BO PHAN CHUNG
119500990818,,BO PHAN CHUNG
119500990838,,BO PHAN CHUNG
119500990848,,BO PHAN CHUNG
119500990858,,BO PHAN CHUNG
119500990868,,BO PHAN CHUNG
119500990878,,BO PHAN CHUNG
119500990888,,BO PHAN CHUNG
120500990910,HỘI ĐỒNG QUẢN TRỊ,BAN LANH DAO
120500990920,KẾ TOÁN TRƯỞNG,BAN LANH DAO
120500990930,BAN KIỂM SOÁT THUỘC ĐHĐCĐ,BAN LANH DAO
120500990940,CHUYÊN GIA KINH TẾ TRƯỞNG,BAN LANH DAO
121500990830,Ban Kiểm tra và giám sát TT,KHOI GIAM SAT VA TUAN THU
121500990831,Ban Pháp Chế,KHOI GIAM SAT VA TUAN THU
122200990220,TT Phát triển Ngân hàng số,KHOI CNTT VA NGAN HANG SO
122400990221,Ban Công nghệ,KHOI CNTT VA NGAN HANG SO
122500990222,Ban QLDA Corebanking,KHOI CNTT VA NGAN HANG SO
122500990223,TT Quản trị dữ liệu,KHOI CNTT VA NGAN HANG SO
123500990840,Ban Tổ chức Đảng ủy,KHOI DANG-DOAN THE
123500990841,Ban Tuyên giáo Đảng ủy,KHOI DANG-DOAN THE
123500990842,Cơ quan UB Kiểm tra Đảng ủy,KHOI DANG-DOAN THE
123500990843,Văn phòng Đảng ủy,KHOI DANG-DOAN THE
123500990844,Cơ quan Công đoàn BIDV,KHOI DANG-DOAN THE
123500990845,Cơ quan Đoàn thanh niên BIDV,KHOI DANG-DOAN THE
124200990310,TT Thẩm định và phê duyệt,KHOI THAM DINH VA PHE DUYET
124200990311,TT Định giá tài sản BIDV,KHOI THAM DINH VA PHE DUYET
1122009901401,Trung tâm Thẻ và vận hành,KHOI BAN LE
1122009901402,Trung tâm Thẻ và vận hành,KHOI BAN LE
1131009902101,Ban Kinh doanh vốn và tiền tệ,KHOI KINH DOANH VON VA TIEN TE
1131009902102,Ban Kinh doanh vốn và tiền tệ,KHOI KINH DOANH VON VA TIEN TE
99699,,
110100996250,Ban Quản lý đầu tư,KHOI DAU TU
111000996012,Ban Tài trợ dự án,KHOI BAN BUON
111000996016,Ban Khách hàng doanh nghiệp,KHOI BAN BUON
111000996040,Ban Định chế tài chính,KHOI BAN BUON
111100996012,Ban Tài trợ dự án,KHOI BAN BUON
111100996016,Ban Khách hàng doanh nghiệp,KHOI BAN BUON
111100996040,Ban Định chế tài chính,KHOI BAN BUON
111300996012,Ban Tài trợ dự án,KHOI BAN BUON
111300996015,Ban Chính sách SP bán buôn,KHOI BAN BUON
111300996016,Ban Khách hàng doanh nghiệp,KHOI BAN BUON
111300996030,Ban KHDN nước ngoài,KHOI BAN BUON
111300996070,Ban Nguồn vốn ủy thác quốc tế,KHOI BAN BUON
111400996012,Ban Tài trợ dự án,KHOI BAN BUON
111400996040,Ban Định chế tài chính,KHOI BAN BUON
111500996017,Ban QLDA NHĐT cho KHTC,KHOI BAN BUON
111500996018,Ban QLDA SCF,KHOI BAN BUON
111500996040,Ban Định chế tài chính,KHOI BAN BUON
112000996110,Ban Khách hàng bán lẻ,KHOI BAN LE
112000996130,Ban Sản phẩm bán lẻ,KHOI BAN LE
112000996140,Trung tâm Thẻ và vận hành,KHOI BAN LE
112000996180,Trung tâm Chăm sóc khách hàng,KHOI BAN LE
112100996180,Trung tâm Chăm sóc khách hàng,KHOI BAN LE
112100996190,TT Khách hàng cá nhân cao cấp,KHOI BAN LE
112200996110,Ban Khách hàng bán lẻ,KHOI BAN LE
112200996130,Ban Sản phẩm bán lẻ,KHOI BAN LE
112300996110,Ban Khách hàng bán lẻ,KHOI BAN LE
112300996130,Ban Sản phẩm bán lẻ,KHOI BAN LE
112300996140,Trung tâm Thẻ và vận hành,KHOI BAN LE
112400996180,Trung tâm Chăm sóc khách hàng,KHOI BAN LE
112500996180,Trung tâm Chăm sóc khách hàng,KHOI BAN LE
112500996192,Ban QLDA XD HT CRM toàn hàng,KHOI BAN LE
113000996210,Ban Kinh doanh vốn và tiền tệ,KHOI KINH DOANH VON VA TIEN TE
113400996210,Ban Kinh doanh vốn và tiền tệ,KHOI KINH DOANH VON VA TIEN TE
114200996330,Ban Quản lý rủi ro toàn hàng,KHOI QUAN LY RUI RO
114200996340,Trung tâm Xử lý nợ,KHOI QUAN LY RUI RO
114500996320,Ban QLRR hoạt động và TT,KHOI QUAN LY RUI RO
115000996430,Trung tâm Dịch vụ khách hàng,KHOI TAC NGHIEP
115200996410,Trung tâm Tác nghiệp TTTM,KHOI TAC NGHIEP
115200996420,Trung tâm Thanh toán,KHOI TAC NGHIEP
115200996430,Trung tâm Dịch vụ khách hàng,KHOI TAC NGHIEP
115500996430,Trung tâm Dịch vụ khách hàng,KHOI TAC NGHIEP
115500996460,Trung tâm QL DV kho quỹ,KHOI TAC NGHIEP
115500996470,Trung tâm DVKQ phía Nam,KHOI TAC NGHIEP
116000996530,Ban Hỗ trợ ALCO,KHOI TAI CHINH-KE TOAN
116500996510,Ban Tài chính,KHOI TAI CHINH-KE TOAN
116500996530,Ban Hỗ trợ ALCO,KHOI TAI CHINH-KE TOAN
116500996540,Ban Kế toán,KHOI TAI CHINH-KE TOAN
116500996560,Ban Kế hoạch,KHOI TAI CHINH-KE TOAN
117400996690,Văn Phòng,KHOI HO TRO
117400996750,,KHOI HO TRO
117500996601,Ban Tổ chức nhân sự,KHOI HO TRO
117500996620,Ban Quản lý tài sản nội ngành,KHOI HO TRO
117500996621,TT Mua sắm tập trung,KHOI HO TRO
117500996640,Ban Truyền thông - Thương hiệu,KHOI HO TRO
117500996651,Ban Quản lý dự án 1,KHOI HO TRO
117500996652,Ban Quản lý dự án 2,KHOI HO TRO
117500996670,Ban Kiểm toán nội bộ,KHOI HO TRO
117500996730,,KHOI HO TRO
117500996790,Ban Thư ký HĐQT và QH cổ đông,KHOI HO TRO
117500996791,Ban Quản trị chiến lược,KHOI HO TRO
117500996792,Ban Chính sách và GS hệ thống,KHOI HO TRO
117500996999,,KHOI HO TRO
118100996530,Ban Hỗ trợ ALCO,TRUNG TAM VON
118200996530,Ban Hỗ trợ ALCO,TRUNG TAM VON
119000996000,,BO PHAN CHUNG
119500996818,,BO PHAN CHUNG
119500996838,,BO PHAN CHUNG
119500996848,,BO PHAN CHUNG
119500996858,,BO PHAN CHUNG
119500996868,,BO PHAN CHUNG
119500996878,,BO PHAN CHUNG
119500996888,,BO PHAN CHUNG
120500996910,HỘI ĐỒNG QUẢN TRỊ,BAN LANH DAO
120500996920,KẾ TOÁN TRƯỞNG,BAN LANH DAO
120500996930,BAN KIỂM SOÁT THUỘC ĐHĐCĐ,BAN LANH DAO
120500996940,CHUYÊN GIA KINH TẾ TRƯỞNG,BAN LANH DAO
121500996830,Ban Kiểm tra và giám sát TT,KHOI GIAM SAT VA TUAN THU
121500996831,Ban Pháp Chế,KHOI GIAM SAT VA TUAN THU
122200996220,TT Phát triển Ngân hàng số,KHOI CNTT VA NGAN HANG SO
122400996221,Ban Công nghệ,KHOI CNTT VA NGAN HANG SO
122500996222,Ban QLDA Corebanking,KHOI CNTT VA NGAN HANG SO
122500996223,TT Quản trị dữ liệu,KHOI CNTT VA NGAN HANG SO
123500996840,Ban Tổ chức Đảng ủy,KHOI DANG-DOAN THE
123500996841,Ban Tuyên giáo Đảng ủy,KHOI DANG-DOAN THE
123500996842,Cơ quan UB Kiểm tra Đảng ủy,KHOI DANG-DOAN THE
123500996843,Văn phòng Đảng ủy,KHOI DANG-DOAN THE
123500996844,Cơ quan Công đoàn BIDV,KHOI DANG-DOAN THE
123500996845,Cơ quan Đoàn thanh niên BIDV,KHOI DANG-DOAN THE
124200996310,TT Thẩm định và phê duyệt,KHOI THAM DINH VA PHE DUYET
124200996311,TT Định giá tài sản BIDV,KHOI THAM DINH VA PHE DUYET
1122009961401,Trung tâm Thẻ và vận hành,KHOI BAN LE
1122009961402,Trung tâm Thẻ và vận hành,KHOI BAN LE
1131009962101,Ban Kinh doanh vốn và tiền tệ,KHOI KINH DOANH VON VA TIEN TE
1131009962102,Ban Kinh doanh vốn và tiền tệ,KHOI KINH DOANH VON VA TIEN TE
11699,,
111100116021,,KHOI BAN BUON
112100116121,,KHOI BAN LE
112100116150,,KHOI BAN LE
112100116151,,KHOI BAN LE
112100116152,,KHOI BAN LE
112100116154,,KHOI BAN LE
114600116335,,KHOI QUAN LY RUI RO
115600116440,,KHOI TAC NGHIEP
115600116446,,KHOI TAC NGHIEP
117700116618,,KHOI HO TRO
119000116000,,BO PHAN CHUNG
120700116950,,BAN LANH DAO
11899,,
111100118021,,KHOI BAN BUON
112100118121,,KHOI BAN LE
112100118150,,KHOI BAN LE
112100118151,,KHOI BAN LE
112100118157,,KHOI BAN LE
114600118335,,KHOI QUAN LY RUI RO
115600118440,,KHOI TAC NGHIEP
115600118446,,KHOI TAC NGHIEP
115700118465,,KHOI TAC NGHIEP
117700118618,,KHOI HO TRO
119000118000,,BO PHAN CHUNG
120700118950,,BAN LANH DAO
12099,,
111100120021,,KHOI BAN BUON
111100120022,,KHOI BAN BUON
111100120023,,KHOI BAN BUON
111100120024,,KHOI BAN BUON
111100120025,,KHOI BAN BUON
111100120026,,KHOI BAN BUON
112100120121,,KHOI BAN LE
112100120122,,KHOI BAN LE
112100120123,,KHOI BAN LE
112100120150,,KHOI BAN LE
112100120153,,KHOI BAN LE
112100120154,,KHOI BAN LE
112100120155,,KHOI BAN LE
112100120156,,KHOI BAN LE
114600120336,,KHOI QUAN LY RUI RO
114600120337,,KHOI QUAN LY RUI RO
115600120440,,KHOI TAC NGHIEP
115600120446,,KHOI TAC NGHIEP
115700120465,,KHOI TAC NGHIEP
116700120521,,KHOI TAI CHINH-KE TOAN
117700120698,,KHOI HO TRO
119000120000,,BO PHAN CHUNG
120700120950,,BAN LANH DAO
12199,,
111100121021,,KHOI BAN BUON
111100121022,,KHOI BAN BUON
111100121023,,KHOI BAN BUON
112100121121,,KHOI BAN LE
112100121150,,KHOI BAN LE
112100121151,,KHOI BAN LE
112100121152,,KHOI BAN LE
112100121153,,KHOI BAN LE
112100121154,,KHOI BAN LE
112100121155,,KHOI BAN LE
114600121335,,KHOI QUAN LY RUI RO
115600121440,,KHOI TAC NGHIEP
115600121446,,KHOI TAC NGHIEP
116700121521,,KHOI TAI CHINH-KE TOAN
117700121698,,KHOI HO TRO
119000121000,,BO PHAN CHUNG
120700121950,,BAN LANH DAO
12299,,
111100122021,,KHOI BAN BUON
111100122022,,KHOI BAN BUON
111100122023,,KHOI BAN BUON
111100122024,,KHOI BAN BUON
111100122025,,KHOI BAN BUON
111100122028,,KHOI BAN BUON
112100122121,,KHOI BAN LE
112100122122,,KHOI BAN LE
112100122153,,KHOI BAN LE
112100122154,,KHOI BAN LE
112100122155,,KHOI BAN LE
112100122158,,KHOI BAN LE
112100122159,,KHOI BAN LE
112100122166,,KHOI BAN LE
114600122335,,KHOI QUAN LY RUI RO
115600122440,,KHOI TAC NGHIEP
115600122446,,KHOI TAC NGHIEP
115700122465,,KHOI TAC NGHIEP
116700122521,,KHOI TAI CHINH-KE TOAN
117700122698,,KHOI HO TRO
119000122000,,BO PHAN CHUNG
120700122950,,BAN LANH DAO
12399,,
111100123021,,KHOI BAN BUON
111100123022,,KHOI BAN BUON
111100123023,,KHOI BAN BUON
112100123121,,KHOI BAN LE
112100123122,,KHOI BAN LE
112100123123,,KHOI BAN LE
112100123124,,KHOI BAN LE
112100123150,,KHOI BAN LE
112100123151,,KHOI BAN LE
112100123152,,KHOI BAN LE
112100123153,,KHOI BAN LE
112100123155,,KHOI BAN LE
112100123156,,KHOI BAN LE
112100123157,,KHOI BAN LE
112100123158,,KHOI BAN LE
114600123335,,KHOI QUAN LY RUI RO
115600123440,,KHOI TAC NGHIEP
115600123446,,KHOI TAC NGHIEP
115700123465,,KHOI TAC NGHIEP
116700123521,,KHOI TAI CHINH-KE TOAN
117700123698,,KHOI HO TRO
119000123000,,BO PHAN CHUNG
120700123950,,BAN LANH DAO
12499,,
111100124021,,KHOI BAN BUON
111100124022,,KHOI BAN BUON
111100124023,,KHOI BAN BUON
111100124024,,KHOI BAN BUON
112100124121,,KHOI BAN LE
112100124122,,KHOI BAN LE
112100124123,,KHOI BAN LE
112100124150,,KHOI BAN LE
112100124151,,KHOI BAN LE
112100124152,,KHOI BAN LE
112100124153,,KHOI BAN LE
112100124154,,KHOI BAN LE
114600124335,,KHOI QUAN LY RUI RO
115600124440,,KHOI TAC NGHIEP
115600124446,,KHOI TAC NGHIEP
116700124521,,KHOI TAI CHINH-KE TOAN
117700124698,,KHOI HO TRO
119000124000,,BO PHAN CHUNG
120700124950,,BAN LANH DAO
12599,,
111100125021,,KHOI BAN BUON
111100125022,,KHOI BAN BUON
112100125120,,KHOI BAN LE
112100125121,,KHOI BAN LE
112100125122,,KHOI BAN LE
112100125150,,KHOI BAN LE
112100125151,,KHOI BAN LE
112100125152,,KHOI BAN LE
112100125153,,KHOI BAN LE
112100125155,,KHOI BAN LE
112100125157,,KHOI BAN LE
114600125335,,KHOI QUAN LY RUI RO
115600125440,,KHOI TAC NGHIEP
115600125446,,KHOI TAC NGHIEP
116700125521,,KHOI TAI CHINH-KE TOAN
117700125698,,KHOI HO TRO
119000125000,,BO PHAN CHUNG
120700125950,,BAN LANH DAO
12699,,
111100126021,,KHOI BAN BUON
111100126022,,KHOI BAN BUON
111100126023,,KHOI BAN BUON
112100126121,,KHOI BAN LE
112100126122,,KHOI BAN LE
112100126150,,KHOI BAN LE
112100126151,,KHOI BAN LE
112100126152,,KHOI BAN LE
112100126153,,KHOI BAN LE
112100126154,,KHOI BAN LE
112100126155,,KHOI BAN LE
114600126335,,KHOI QUAN LY RUI RO
115600126440,,KHOI TAC NGHIEP
115600126446,,KHOI TAC NGHIEP
116700126521,,KHOI TAI CHINH-KE TOAN
117700126698,,KHOI HO TRO
119000126000,,BO PHAN CHUNG
120700126950,,BAN LANH DAO
12899,,
111100128021,,KHOI BAN BUON
111100128022,,KHOI BAN BUON
112100128121,,KHOI BAN LE
112100128150,,KHOI BAN LE
112100128151,,KHOI BAN LE
112100128152,,KHOI BAN LE
112100128153,,KHOI BAN LE
114600128335,,KHOI QUAN LY RUI RO
115600128440,,KHOI TAC NGHIEP
115600128446,,KHOI TAC NGHIEP
117700128618,,KHOI HO TRO
119000128000,,BO PHAN CHUNG
120700128950,,BAN LANH DAO
12999,,
111100129021,,KHOI BAN BUON
111100129022,,KHOI BAN BUON
111100129023,,KHOI BAN BUON
112100129121,,KHOI BAN LE
112100129122,,KHOI BAN LE
112100129151,,KHOI BAN LE
112100129152,,KHOI BAN LE
112100129153,,KHOI BAN LE
112100129154,,KHOI BAN LE
114600129335,,KHOI QUAN LY RUI RO
115600129440,,KHOI TAC NGHIEP
115600129446,,KHOI TAC NGHIEP
117700129618,,KHOI HO TRO
119000129000,,BO PHAN CHUNG
120700129950,,BAN LANH DAO
15099,,
111100150021,,KHOI BAN BUON
111100150022,,KHOI BAN BUON
111100150023,,KHOI BAN BUON
111100150025,,KHOI BAN BUON
112100150121,,KHOI BAN LE
112100150122,,KHOI BAN LE
112100150150,,KHOI BAN LE
112100150151,,KHOI BAN LE
112100150152,,KHOI BAN LE
112100150153,,KHOI BAN LE
114600150335,,KHOI QUAN LY RUI RO
115600150440,,KHOI TAC NGHIEP
115600150446,,KHOI TAC NGHIEP
115700150465,,KHOI TAC NGHIEP
116700150521,,KHOI TAI CHINH-KE TOAN
117700150698,,KHOI HO TRO
119000150000,,BO PHAN CHUNG
120700150950,,BAN LANH DAO
15199,,
111100151021,,KHOI BAN BUON
111100151022,,KHOI BAN BUON
111100151023,,KHOI BAN BUON
112100151120,,KHOI BAN LE
112100151121,,KHOI BAN LE
112100151122,,KHOI BAN LE
112100151150,,KHOI BAN LE
112100151151,,KHOI BAN LE
112100151152,,KHOI BAN LE
112100151154,,KHOI BAN LE
114600151335,,KHOI QUAN LY RUI RO
115600151440,,KHOI TAC NGHIEP
115600151446,,KHOI TAC NGHIEP
116700151521,,KHOI TAI CHINH-KE TOAN
117700151698,,KHOI HO TRO
119000151000,,BO PHAN CHUNG
120700151950,,BAN LANH DAO
15999,,
111100159021,,KHOI BAN BUON
111100159022,,KHOI BAN BUON
112100159121,,KHOI BAN LE
112100159150,,KHOI BAN LE
112100159151,,KHOI BAN LE
112100159152,,KHOI BAN LE
112100159154,,KHOI BAN LE
114600159335,,KHOI QUAN LY RUI RO
115600159440,,KHOI TAC NGHIEP
115600159446,,KHOI TAC NGHIEP
117700159618,,KHOI HO TRO
119000159000,,BO PHAN CHUNG
120700159950,,BAN LANH DAO
16099,,
111100160021,,KHOI BAN BUON
111100160022,,KHOI BAN BUON
111100160023,,KHOI BAN BUON
111100160024,,KHOI BAN BUON
111600160091,,KHOI BAN BUON
111600160092,,KHOI BAN BUON
111600160093,,KHOI BAN BUON
111600160094,,KHOI BAN BUON
111600160095,,KHOI BAN BUON
112100160121,,KHOI BAN LE
112100160122,,KHOI BAN LE
112100160151,,KHOI BAN LE
112100160152,,KHOI BAN LE
112100160153,,KHOI BAN LE
112100160154,,KHOI BAN LE
114600160336,,KHOI QUAN LY RUI RO
114600160337,,KHOI QUAN LY RUI RO
115600160440,,KHOI TAC NGHIEP
115600160446,,KHOI TAC NGHIEP
116700160521,,KHOI TAI CHINH-KE TOAN
117700160698,,KHOI HO TRO
119000160000,,BO PHAN CHUNG
120700160950,,BAN LANH DAO
19999,,
111100199021,,KHOI BAN BUON
111100199023,,KHOI BAN BUON
112100199121,,KHOI BAN LE
112100199150,,KHOI BAN LE
112100199151,,KHOI BAN LE
112100199152,,KHOI BAN LE
112100199154,,KHOI BAN LE
112100199158,,KHOI BAN LE
114600199335,,KHOI QUAN LY RUI RO
115600199440,,KHOI TAC NGHIEP
115600199446,,KHOI TAC NGHIEP
117700199618,,KHOI HO TRO
119000199000,,BO PHAN CHUNG
120700199950,,BAN LANH DAO
21199,,
111100211021,,KHOI BAN BUON
111100211022,,KHOI BAN BUON
111100211023,,KHOI BAN BUON
111100211024,,KHOI BAN BUON
111100211025,,KHOI BAN BUON
112100211121,,KHOI BAN LE
112100211122,,KHOI BAN LE
112100211123,,KHOI BAN LE
112100211155,,KHOI BAN LE
112100211156,,KHOI BAN LE
112100211157,,KHOI BAN LE
112100211158,,KHOI BAN LE
112100211159,,KHOI BAN LE
114600211335,,KHOI QUAN LY RUI RO
115600211440,,KHOI TAC NGHIEP
115600211446,,KHOI TAC NGHIEP
115700211465,,KHOI TAC NGHIEP
116700211521,,KHOI TAI CHINH-KE TOAN
117700211698,,KHOI HO TRO
119000211000,,BO PHAN CHUNG
120700211950,,BAN LANH DAO
21299,,
111100212021,,KHOI BAN BUON
111100212022,,KHOI BAN BUON
111100212023,,KHOI BAN BUON
111100212024,,KHOI BAN BUON
112100212121,,KHOI BAN LE
112100212122,,KHOI BAN LE
112100212123,,KHOI BAN LE
112100212151,,KHOI BAN LE
112100212152,,KHOI BAN LE
112100212153,,KHOI BAN LE
112100212154,,KHOI BAN LE
114600212335,,KHOI QUAN LY RUI RO
115600212440,,KHOI TAC NGHIEP
115600212446,,KHOI TAC NGHIEP
116700212521,,KHOI TAI CHINH-KE TOAN
117700212698,,KHOI HO TRO
119000212000,,BO PHAN CHUNG
120700212950,,BAN LANH DAO
21399,,
111100213021,,KHOI BAN BUON
111100213022,,KHOI BAN BUON
112100213121,,KHOI BAN LE
112100213122,,KHOI BAN LE
112100213151,,KHOI BAN LE
112100213152,,KHOI BAN LE
112100213153,,KHOI BAN LE
112100213154,,KHOI BAN LE
112100213155,,KHOI BAN LE
112100213159,,KHOI BAN LE
114600213335,,KHOI QUAN LY RUI RO
115600213440,,KHOI TAC NGHIEP
115600213446,,KHOI TAC NGHIEP
115700213465,,KHOI TAC NGHIEP
116700213521,,KHOI TAI CHINH-KE TOAN
117700213698,,KHOI HO TRO
119000213000,,BO PHAN CHUNG
120700213950,,BAN LANH DAO
21499,,
111100214021,,KHOI BAN BUON
111100214022,,KHOI BAN BUON
111100214023,,KHOI BAN BUON
111100214025,,KHOI BAN BUON
112100214121,,KHOI BAN LE
112100214122,,KHOI BAN LE
112100214150,,KHOI BAN LE
112100214151,,KHOI BAN LE
112100214152,,KHOI BAN LE
112100214153,,KHOI BAN LE
112100214154,,KHOI BAN LE
114600214335,,KHOI QUAN LY RUI RO
115600214440,,KHOI TAC NGHIEP
115600214446,,KHOI TAC NGHIEP
116700214521,,KHOI TAI CHINH-KE TOAN
117700214608,,KHOI HO TRO
117700214698,,KHOI HO TRO
119000214000,,BO PHAN CHUNG
120700214950,,BAN LANH DAO
21599,,
111100215021,,KHOI BAN BUON
111100215022,,KHOI BAN BUON
111100215023,,KHOI BAN BUON
112100215121,,KHOI BAN LE
112100215122,,KHOI BAN LE
112100215123,,KHOI BAN LE
112100215150,,KHOI BAN LE
112100215152,,KHOI BAN LE
112100215155,,KHOI BAN LE
112100215157,,KHOI BAN LE
112100215158,,KHOI BAN LE
112100215160,,KHOI BAN LE
114600215335,,KHOI QUAN LY RUI RO
115600215440,,KHOI TAC NGHIEP
115600215446,,KHOI TAC NGHIEP
115700215465,,KHOI TAC NGHIEP
116700215521,,KHOI TAI CHINH-KE TOAN
117700215698,,KHOI HO TRO
119000215000,,BO PHAN CHUNG
120700215950,,BAN LANH DAO
21699,,
111100216021,,KHOI BAN BUON
111100216022,,KHOI BAN BUON
112100216122,,KHOI BAN LE
112100216150,,KHOI BAN LE
112100216151,,KHOI BAN LE
112100216152,,KHOI BAN LE
112100216153,,KHOI BAN LE
112100216155,,KHOI BAN LE
112100216157,,KHOI BAN LE
114600216335,,KHOI QUAN LY RUI RO
115600216440,,KHOI TAC NGHIEP
115600216446,,KHOI TAC NGHIEP
117700216618,,KHOI HO TRO
119000216000,,BO PHAN CHUNG
120700216950,,BAN LANH DAO
21799,,
111100217021,,KHOI BAN BUON
111100217022,,KHOI BAN BUON
112100217121,,KHOI BAN LE
112100217122,,KHOI BAN LE
112100217150,,KHOI BAN LE
112100217151,,KHOI BAN LE
112100217152,,KHOI BAN LE
112100217153,,KHOI BAN LE
114600217335,,KHOI QUAN LY RUI RO
115600217440,,KHOI TAC NGHIEP
115600217446,,KHOI TAC NGHIEP
115700217465,,KHOI TAC NGHIEP
117700217618,,KHOI HO TRO
119000217000,,BO PHAN CHUNG
120700217950,,BAN LANH DAO
22099,,
111100220021,,KHOI BAN BUON
111100220022,,KHOI BAN BUON
111100220023,,KHOI BAN BUON
112100220121,,KHOI BAN LE
112100220122,,KHOI BAN LE
112100220123,,KHOI BAN LE
112100220150,,KHOI BAN LE
112100220151,,KHOI BAN LE
112100220153,,KHOI BAN LE
112100220154,,KHOI BAN LE
112100220156,,KHOI BAN LE
112100220157,,KHOI BAN LE
114600220335,,KHOI QUAN LY RUI RO
115600220440,,KHOI TAC NGHIEP
115600220446,,KHOI TAC NGHIEP
116700220521,,KHOI TAI CHINH-KE TOAN
117700220698,,KHOI HO TRO
119000220000,,BO PHAN CHUNG
120700220950,,BAN LANH DAO
22299,,
111100222021,,KHOI BAN BUON
111100222022,,KHOI BAN BUON
111100222023,,KHOI BAN BUON
111100222025,,KHOI BAN BUON
111100222026,,KHOI BAN BUON
111100222031,,KHOI BAN BUON
112100222121,,KHOI BAN LE
112100222122,,KHOI BAN LE
112100222123,,KHOI BAN LE
112100222150,,KHOI BAN LE
112100222151,,KHOI BAN LE
112100222152,,KHOI BAN LE
112100222153,,KHOI BAN LE
112100222155,,KHOI BAN LE
112100222156,,KHOI BAN LE
112100222157,,KHOI BAN LE
114600222335,,KHOI QUAN LY RUI RO
115600222440,,KHOI TAC NGHIEP
115600222446,,KHOI TAC NGHIEP
115700222465,,KHOI TAC NGHIEP
116700222521,,KHOI TAI CHINH-KE TOAN
117700222698,,KHOI HO TRO
119000222000,,BO PHAN CHUNG
120700222950,,BAN LANH DAO
26099,,
111100260021,,KHOI BAN BUON
111100260022,,KHOI BAN BUON
111100260023,,KHOI BAN BUON
112100260121,,KHOI BAN LE
112100260122,,KHOI BAN LE
112100260150,,KHOI BAN LE
112100260151,,KHOI BAN LE
112100260152,,KHOI BAN LE
112100260154,,KHOI BAN LE
112100260155,,KHOI BAN LE
114600260335,,KHOI QUAN LY RUI RO
115600260440,,KHOI TAC NGHIEP
115600260446,,KHOI TAC NGHIEP
115700260465,,KHOI TAC NGHIEP
116700260521,,KHOI TAI CHINH-KE TOAN
117700260698,,KHOI HO TRO
119000260000,,BO PHAN CHUNG
120700260950,,BAN LANH DAO
26199,,
112100261120,,KHOI BAN LE
112100261122,,KHOI BAN LE
112100261151,,KHOI BAN LE
112100261152,,KHOI BAN LE
112100261154,,KHOI BAN LE
112100261155,,KHOI BAN LE
112100261157,,KHOI BAN LE
114600261335,,KHOI QUAN LY RUI RO
115600261440,,KHOI TAC NGHIEP
115600261446,,KHOI TAC NGHIEP
117700261618,,KHOI HO TRO
119000261000,,BO PHAN CHUNG
120700261950,,BAN LANH DAO
26899,,
111100268021,,KHOI BAN BUON
111100268022,,KHOI BAN BUON
111100268023,,KHOI BAN BUON
112100268121,,KHOI BAN LE
112100268122,,KHOI BAN LE
112100268150,,KHOI BAN LE
112100268151,,KHOI BAN LE
112100268154,,KHOI BAN LE
112100268155,,KHOI BAN LE
114600268335,,KHOI QUAN LY RUI RO
115600268440,,KHOI TAC NGHIEP
115600268446,,KHOI TAC NGHIEP
115700268465,,KHOI TAC NGHIEP
117700268618,,KHOI HO TRO
119000268000,,BO PHAN CHUNG
120700268950,,BAN LANH DAO
27999,,
111100279021,,KHOI BAN BUON
112100279121,,KHOI BAN LE
112100279150,,KHOI BAN LE
112100279151,,KHOI BAN LE
112100279152,,KHOI BAN LE
112100279153,,KHOI BAN LE
112100279154,,KHOI BAN LE
114600279335,,KHOI QUAN LY RUI RO
115600279440,,KHOI TAC NGHIEP
115600279446,,KHOI TAC NGHIEP
117700279618,,KHOI HO TRO
119000279000,,BO PHAN CHUNG
120700279950,,BAN LANH DAO
28999,,
111100289021,,KHOI BAN BUON
111100289022,,KHOI BAN BUON
112100289121,,KHOI BAN LE
112100289122,,KHOI BAN LE
112100289123,,KHOI BAN LE
112100289150,,KHOI BAN LE
112100289151,,KHOI BAN LE
112100289152,,KHOI BAN LE
114600289335,,KHOI QUAN LY RUI RO
115600289440,,KHOI TAC NGHIEP
115600289446,,KHOI TAC NGHIEP
117700289618,,KHOI HO TRO
119000289000,,BO PHAN CHUNG
120700289950,,BAN LANH DAO
42799,,
111100427021,,KHOI BAN BUON
112100427121,,KHOI BAN LE
112100427150,,KHOI BAN LE
112100427151,,KHOI BAN LE
112100427152,,KHOI BAN LE
112100427153,,KHOI BAN LE
112100427156,,KHOI BAN LE
114600427335,,KHOI QUAN LY RUI RO
115600427440,,KHOI TAC NGHIEP
115600427446,,KHOI TAC NGHIEP
117700427618,,KHOI HO TRO
119000427000,,BO PHAN CHUNG
120700427950,,BAN LANH DAO
45099,,
111100450021,,KHOI BAN BUON
111100450022,,KHOI BAN BUON
111100450023,,KHOI BAN BUON
112100450121,,KHOI BAN LE
112100450122,,KHOI BAN LE
112100450150,,KHOI BAN LE
112100450151,,KHOI BAN LE
112100450152,,KHOI BAN LE
112100450153,,KHOI BAN LE
112100450159,,KHOI BAN LE
112100450160,,KHOI BAN LE
112100450161,,KHOI BAN LE
114600450335,,KHOI QUAN LY RUI RO
115600450440,,KHOI TAC NGHIEP
115600450446,,KHOI TAC NGHIEP
115700450465,,KHOI TAC NGHIEP
116700450521,,KHOI TAI CHINH-KE TOAN
117700450698,,KHOI HO TRO
119000450000,,BO PHAN CHUNG
120700450950,,BAN LANH DAO
45199,,
111100451021,,KHOI BAN BUON
111100451022,,KHOI BAN BUON
112100451121,,KHOI BAN LE
112100451151,,KHOI BAN LE
112100451152,,KHOI BAN LE
112100451154,,KHOI BAN LE
112100451155,,KHOI BAN LE
112100451156,,KHOI BAN LE
112100451157,,KHOI BAN LE
114600451335,,KHOI QUAN LY RUI RO
115600451440,,KHOI TAC NGHIEP
115600451446,,KHOI TAC NGHIEP
117700451618,,KHOI HO TRO
119000451000,,BO PHAN CHUNG
120700451950,,BAN LANH DAO
45299,,
111100452021,,KHOI BAN BUON
111100452022,,KHOI BAN BUON
112100452121,,KHOI BAN LE
112100452150,,KHOI BAN LE
112100452151,,KHOI BAN LE
112100452152,,KHOI BAN LE
112100452154,,KHOI BAN LE
112100452156,,KHOI BAN LE
114600452335,,KHOI QUAN LY RUI RO
115600452440,,KHOI TAC NGHIEP
115600452446,,KHOI TAC NGHIEP
115700452465,,KHOI TAC NGHIEP
117700452618,,KHOI HO TRO
119000452000,,BO PHAN CHUNG
120700452950,,BAN LANH DAO
11199,,
111100111021,,KHOI BAN BUON
112100111121,,KHOI BAN LE
112100111150,,KHOI BAN LE
112100111151,,KHOI BAN LE
114600111335,,KHOI QUAN LY RUI RO
115600111440,,KHOI TAC NGHIEP
115600111446,,KHOI TAC NGHIEP
117700111618,,KHOI HO TRO
119000111000,,BO PHAN CHUNG
120700111950,,BAN LANH DAO
11799,,
111100117021,,KHOI BAN BUON
112100117121,,KHOI BAN LE
112100117150,,KHOI BAN LE
112100117151,,KHOI BAN LE
114600117335,,KHOI QUAN LY RUI RO
115600117440,,KHOI TAC NGHIEP
115600117446,,KHOI TAC NGHIEP
117700117618,,KHOI HO TRO
119000117000,,BO PHAN CHUNG
120700117950,,BAN LANH DAO
11999,,
111100119021,,KHOI BAN BUON
111100119027,,KHOI BAN BUON
112100119121,,KHOI BAN LE
112100119150,,KHOI BAN LE
112100119151,,KHOI BAN LE
112100119152,,KHOI BAN LE
114600119335,,KHOI QUAN LY RUI RO
115600119440,,KHOI TAC NGHIEP
115600119446,,KHOI TAC NGHIEP
115700119465,,KHOI TAC NGHIEP
116700119521,,KHOI TAI CHINH-KE TOAN
117700119698,,KHOI HO TRO
119000119000,,BO PHAN CHUNG
120700119950,,BAN LANH DAO
13099,,
111100130021,,KHOI BAN BUON
111100130022,,KHOI BAN BUON
111100130023,,KHOI BAN BUON
111100130024,,KHOI BAN BUON
111100130025,,KHOI BAN BUON
112100130121,,KHOI BAN LE
112100130122,,KHOI BAN LE
112100130123,,KHOI BAN LE
112100130150,,KHOI BAN LE
112100130151,,KHOI BAN LE
112100130156,,KHOI BAN LE
112100130157,,KHOI BAN LE
114600130335,,KHOI QUAN LY RUI RO
115600130440,,KHOI TAC NGHIEP
115600130446,,KHOI TAC NGHIEP
115700130465,,KHOI TAC NGHIEP
116700130521,,KHOI TAI CHINH-KE TOAN
117700130698,,KHOI HO TRO
119000130000,,BO PHAN CHUNG
120700130950,,BAN LANH DAO
13299,,
111100132021,,KHOI BAN BUON
111100132022,,KHOI BAN BUON
112100132121,,KHOI BAN LE
112100132151,,KHOI BAN LE
112100132152,,KHOI BAN LE
112100132155,,KHOI BAN LE
112100132156,,KHOI BAN LE
114600132335,,KHOI QUAN LY RUI RO
115600132440,,KHOI TAC NGHIEP
115600132441,,KHOI TAC NGHIEP
115600132442,,KHOI TAC NGHIEP
115600132446,,KHOI TAC NGHIEP
116700132521,,KHOI TAI CHINH-KE TOAN
117700132698,,KHOI HO TRO
119000132000,,BO PHAN CHUNG
120700132950,,BAN LANH DAO
13399,,
111100133021,,KHOI BAN BUON
112100133121,,KHOI BAN LE
112100133150,,KHOI BAN LE
112100133151,,KHOI BAN LE
112100133152,,KHOI BAN LE
114600133335,,KHOI QUAN LY RUI RO
115600133440,,KHOI TAC NGHIEP
115600133446,,KHOI TAC NGHIEP
117700133618,,KHOI HO TRO
119000133000,,BO PHAN CHUNG
120700133950,,BAN LANH DAO
13499,,
111100134021,,KHOI BAN BUON
112100134121,,KHOI BAN LE
112100134150,,KHOI BAN LE
112100134151,,KHOI BAN LE
114600134335,,KHOI QUAN LY RUI RO
115600134440,,KHOI TAC NGHIEP
115600134446,,KHOI TAC NGHIEP
117700134618,,KHOI HO TRO
119000134000,,BO PHAN CHUNG
120700134950,,BAN LANH DAO
13599,,
111100135021,,KHOI BAN BUON
111100135022,,KHOI BAN BUON
111100135060,,KHOI BAN BUON
112100135121,,KHOI BAN LE
112100135122,,KHOI BAN LE
112100135123,,KHOI BAN LE
112100135150,,KHOI BAN LE
112100135152,,KHOI BAN LE
112100135153,,KHOI BAN LE
114600135335,,KHOI QUAN LY RUI RO
115600135440,,KHOI TAC NGHIEP
115600135441,,KHOI TAC NGHIEP
115600135442,,KHOI TAC NGHIEP
115600135446,,KHOI TAC NGHIEP
115700135465,,KHOI TAC NGHIEP
116700135521,,KHOI TAI CHINH-KE TOAN
117700135698,,KHOI HO TRO
119000135000,,BO PHAN CHUNG
120700135950,,BAN LANH DAO
13699,,
111100136021,,KHOI BAN BUON
112100136121,,KHOI BAN LE
112100136150,,KHOI BAN LE
112100136151,,KHOI BAN LE
114600136335,,KHOI QUAN LY RUI RO
115600136440,,KHOI TAC NGHIEP
115600136446,,KHOI TAC NGHIEP
117700136618,,KHOI HO TRO
119000136000,,BO PHAN CHUNG
120700136950,,BAN LANH DAO
13899,,
111100138021,,KHOI BAN BUON
111100138022,,KHOI BAN BUON
112100138121,,KHOI BAN LE
112100138150,,KHOI BAN LE
112100138151,,KHOI BAN LE
112100138152,,KHOI BAN LE
114600138335,,KHOI QUAN LY RUI RO
115600138440,,KHOI TAC NGHIEP
115600138446,,KHOI TAC NGHIEP
116700138521,,KHOI TAI CHINH-KE TOAN
117700138698,,KHOI HO TRO
119000138000,,BO PHAN CHUNG
120700138950,,BAN LANH DAO
13999,,
111100139021,,KHOI BAN BUON
112100139121,,KHOI BAN LE
112100139150,,KHOI BAN LE
112100139151,,KHOI BAN LE
112100139152,,KHOI BAN LE
114600139335,,KHOI QUAN LY RUI RO
115600139440,,KHOI TAC NGHIEP
115600139446,,KHOI TAC NGHIEP
117700139618,,KHOI HO TRO
119000139000,,BO PHAN CHUNG
120700139950,,BAN LANH DAO
14099,,
111100140021,,KHOI BAN BUON
111100140022,,KHOI BAN BUON
111100140023,,KHOI BAN BUON
112100140121,,KHOI BAN LE
112100140122,,KHOI BAN LE
112100140151,,KHOI BAN LE
112100140153,,KHOI BAN LE
112100140158,,KHOI BAN LE
114600140335,,KHOI QUAN LY RUI RO
115600140440,,KHOI TAC NGHIEP
115600140446,,KHOI TAC NGHIEP
115700140465,,KHOI TAC NGHIEP
116700140521,,KHOI TAI CHINH-KE TOAN
117700140698,,KHOI HO TRO
119000140000,,BO PHAN CHUNG
120700140950,,BAN LANH DAO
14199,,
111100141022,,KHOI BAN BUON
111100141023,,KHOI BAN BUON
111100141024,,KHOI BAN BUON
112100141121,,KHOI BAN LE
112100141123,,KHOI BAN LE
112100141151,,KHOI BAN LE
112100141152,,KHOI BAN LE
112100141153,,KHOI BAN LE
114600141335,,KHOI QUAN LY RUI RO
115600141440,,KHOI TAC NGHIEP
115600141446,,KHOI TAC NGHIEP
116700141521,,KHOI TAI CHINH-KE TOAN
117700141698,,KHOI HO TRO
119000141000,,BO PHAN CHUNG
120700141950,,BAN LANH DAO
14499,,
111100144021,,KHOI BAN BUON
111100144022,,KHOI BAN BUON
112100144121,,KHOI BAN LE
112100144150,,KHOI BAN LE
112100144151,,KHOI BAN LE
114600144335,,KHOI QUAN LY RUI RO
115600144440,,KHOI TAC NGHIEP
115600144446,,KHOI TAC NGHIEP
117700144618,,KHOI HO TRO
119000144000,,BO PHAN CHUNG
120700144950,,BAN LANH DAO
14599,,
111100145021,,KHOI BAN BUON
112100145121,,KHOI BAN LE
112100145151,,KHOI BAN LE
112100145152,,KHOI BAN LE
114600145335,,KHOI QUAN LY RUI RO
115600145440,,KHOI TAC NGHIEP
115600145446,,KHOI TAC NGHIEP
117700145618,,KHOI HO TRO
119000145000,,BO PHAN CHUNG
120700145950,,BAN LANH DAO
14799,,
111100147021,,KHOI BAN BUON
111100147022,,KHOI BAN BUON
111100147023,,KHOI BAN BUON
111100147024,,KHOI BAN BUON
112100147121,,KHOI BAN LE
112100147122,,KHOI BAN LE
112100147150,,KHOI BAN LE
112100147151,,KHOI BAN LE
112100147152,,KHOI BAN LE
112100147153,,KHOI BAN LE
114600147335,,KHOI QUAN LY RUI RO
115600147440,,KHOI TAC NGHIEP
115600147446,,KHOI TAC NGHIEP
116700147521,,KHOI TAI CHINH-KE TOAN
117700147698,,KHOI HO TRO
119000147000,,BO PHAN CHUNG
120700147950,,BAN LANH DAO
14999,,
111100149021,,KHOI BAN BUON
111100149022,,KHOI BAN BUON
112100149121,,KHOI BAN LE
112100149150,,KHOI BAN LE
112100149151,,KHOI BAN LE
112100149152,,KHOI BAN LE
112100149153,,KHOI BAN LE
115600149440,,KHOI TAC NGHIEP
115600149446,,KHOI TAC NGHIEP
117700149618,,KHOI HO TRO
119000149000,,BO PHAN CHUNG
120700149950,,BAN LANH DAO
16699,,
111100166021,,KHOI BAN BUON
112100166121,,KHOI BAN LE
112100166150,,KHOI BAN LE
112100166151,,KHOI BAN LE
114600166335,,KHOI QUAN LY RUI RO
115600166440,,KHOI TAC NGHIEP
115600166446,,KHOI TAC NGHIEP
117700166618,,KHOI HO TRO
119000166000,,BO PHAN CHUNG
120700166950,,BAN LANH DAO
16899,,
111100168021,,KHOI BAN BUON
111100168022,,KHOI BAN BUON
112100168121,,KHOI BAN LE
112100168150,,KHOI BAN LE
112100168151,,KHOI BAN LE
112100168152,,KHOI BAN LE
114600168335,,KHOI QUAN LY RUI RO
115600168440,,KHOI TAC NGHIEP
115600168446,,KHOI TAC NGHIEP
117700168618,,KHOI HO TRO
119000168000,,BO PHAN CHUNG
120700168950,,BAN LANH DAO
16999,,
111100169021,,KHOI BAN BUON
112100169121,,KHOI BAN LE
112100169150,,KHOI BAN LE
112100169151,,KHOI BAN LE
112100169152,,KHOI BAN LE
114600169335,,KHOI QUAN LY RUI RO
115600169440,,KHOI TAC NGHIEP
115600169446,,KHOI TAC NGHIEP
117700169618,,KHOI HO TRO
119000169000,,BO PHAN CHUNG
120700169950,,BAN LANH DAO
17799,,
111100177021,,KHOI BAN BUON
112100177121,,KHOI BAN LE
112100177150,,KHOI BAN LE
112100177152,,KHOI BAN LE
112100177153,,KHOI BAN LE
114600177335,,KHOI QUAN LY RUI RO
115600177440,,KHOI TAC NGHIEP
115600177446,,KHOI TAC NGHIEP
117700177618,,KHOI HO TRO
119000177000,,BO PHAN CHUNG
120700177950,,BAN LANH DAO
17999,,
111100179021,,KHOI BAN BUON
112100179121,,KHOI BAN LE
112100179150,,KHOI BAN LE
112100179151,,KHOI BAN LE
112100179152,,KHOI BAN LE
114600179335,,KHOI QUAN LY RUI RO
115600179440,,KHOI TAC NGHIEP
115600179446,,KHOI TAC NGHIEP
117700179618,,KHOI HO TRO
119000179000,,BO PHAN CHUNG
120700179950,,BAN LANH DAO
18099,,
111100180021,,KHOI BAN BUON
111100180022,,KHOI BAN BUON
112100180121,,KHOI BAN LE
112100180150,,KHOI BAN LE
112100180154,,KHOI BAN LE
112100180156,,KHOI BAN LE
114600180335,,KHOI QUAN LY RUI RO
115600180440,,KHOI TAC NGHIEP
115600180446,,KHOI TAC NGHIEP
117700180618,,KHOI HO TRO
119000180000,,BO PHAN CHUNG
120700180950,,BAN LANH DAO
18199,,
111100181021,,KHOI BAN BUON
112100181121,,KHOI BAN LE
112100181150,,KHOI BAN LE
112100181151,,KHOI BAN LE
114600181335,,KHOI QUAN LY RUI RO
115600181440,,KHOI TAC NGHIEP
115600181446,,KHOI TAC NGHIEP
117700181618,,KHOI HO TRO
119000181000,,BO PHAN CHUNG
120700181950,,BAN LANH DAO
18699,,
111100186021,,KHOI BAN BUON
112100186121,,KHOI BAN LE
112100186150,,KHOI BAN LE
112100186154,,KHOI BAN LE
112100186157,,KHOI BAN LE
114600186335,,KHOI QUAN LY RUI RO
115600186440,,KHOI TAC NGHIEP
115600186446,,KHOI TAC NGHIEP
117700186618,,KHOI HO TRO
119000186000,,BO PHAN CHUNG
120700186950,,BAN LANH DAO
18899,,
111100188021,,KHOI BAN BUON
112100188121,,KHOI BAN LE
112100188150,,KHOI BAN LE
112100188152,,KHOI BAN LE
114600188335,,KHOI QUAN LY RUI RO
115600188440,,KHOI TAC NGHIEP
115600188446,,KHOI TAC NGHIEP
117700188618,,KHOI HO TRO
119000188000,,BO PHAN CHUNG
120700188950,,BAN LANH DAO
18999,,
111100189021,,KHOI BAN BUON
112100189120,,KHOI BAN LE
112100189121,,KHOI BAN LE
112100189150,,KHOI BAN LE
112100189151,,KHOI BAN LE
112100189152,,KHOI BAN LE
112100189153,,KHOI BAN LE
112100189154,,KHOI BAN LE
114600189335,,KHOI QUAN LY RUI RO
115600189440,,KHOI TAC NGHIEP
115600189446,,KHOI TAC NGHIEP
117700189618,,KHOI HO TRO
119000189000,,BO PHAN CHUNG
120700189950,,BAN LANH DAO
31099,,
111100310021,,KHOI BAN BUON
111100310022,,KHOI BAN BUON
111100310023,,KHOI BAN BUON
111100310024,,KHOI BAN BUON
111100310025,,KHOI BAN BUON
112100310121,,KHOI BAN LE
112100310122,,KHOI BAN LE
112100310123,,KHOI BAN LE
112100310151,,KHOI BAN LE
112100310152,,KHOI BAN LE
112100310153,,KHOI BAN LE
114600310335,,KHOI QUAN LY RUI RO
115600310440,,KHOI TAC NGHIEP
115600310446,,KHOI TAC NGHIEP
115700310465,,KHOI TAC NGHIEP
116700310521,,KHOI TAI CHINH-KE TOAN
117700310698,,KHOI HO TRO
119000310000,,BO PHAN CHUNG
120700310950,,BAN LANH DAO
31199,,
31299,,
111100311021,,KHOI BAN BUON
111100311022,,KHOI BAN BUON
112100311121,,KHOI BAN LE
112100311122,,KHOI BAN LE
112100311150,,KHOI BAN LE
112100311153,,KHOI BAN LE
112100311155,,KHOI BAN LE
112100311156,,KHOI BAN LE
114600311335,,KHOI QUAN LY RUI RO
115600311440,,KHOI TAC NGHIEP
115600311446,,KHOI TAC NGHIEP
117700311618,,KHOI HO TRO
119000311000,,BO PHAN CHUNG
120700311950,,BAN LANH DAO
31399,,
111100313021,,KHOI BAN BUON
111100313022,,KHOI BAN BUON
111100313023,,KHOI BAN BUON
112100313121,,KHOI BAN LE
112100313150,,KHOI BAN LE
112100313152,,KHOI BAN LE
112100313156,,KHOI BAN LE
114600313335,,KHOI QUAN LY RUI RO
115600313440,,KHOI TAC NGHIEP
115600313446,,KHOI TAC NGHIEP
116700313521,,KHOI TAI CHINH-KE TOAN
117700313698,,KHOI HO TRO
119000313000,,BO PHAN CHUNG
120700313950,,BAN LANH DAO
31499,,
111100314021,,KHOI BAN BUON
111100314022,,KHOI BAN BUON
112100314121,,KHOI BAN LE
112100314123,,KHOI BAN LE
112100314151,,KHOI BAN LE
112100314152,,KHOI BAN LE
112100314153,,KHOI BAN LE
114600314335,,KHOI QUAN LY RUI RO
115600314440,,KHOI TAC NGHIEP
115600314446,,KHOI TAC NGHIEP
117700314618,,KHOI HO TRO
119000314000,,BO PHAN CHUNG
120700314950,,BAN LANH DAO
31599,,
111100315021,,KHOI BAN BUON
111100315022,,KHOI BAN BUON
112100315121,,KHOI BAN LE
112100315150,,KHOI BAN LE
112100315151,,KHOI BAN LE
112100315152,,KHOI BAN LE
114600315335,,KHOI QUAN LY RUI RO
115600315440,,KHOI TAC NGHIEP
115600315446,,KHOI TAC NGHIEP
117700315618,,KHOI HO TRO
119000315000,,BO PHAN CHUNG
120700315950,,BAN LANH DAO
31799,,
111100317021,,KHOI BAN BUON
111100317022,,KHOI BAN BUON
112100317121,,KHOI BAN LE
112100317150,,KHOI BAN LE
112100317151,,KHOI BAN LE
112100317153,,KHOI BAN LE
114600317335,,KHOI QUAN LY RUI RO
115600317440,,KHOI TAC NGHIEP
115600317446,,KHOI TAC NGHIEP
117700317618,,KHOI HO TRO
119000317000,,BO PHAN CHUNG
120700317950,,BAN LANH DAO
31899,,
111100318021,,KHOI BAN BUON
111100318022,,KHOI BAN BUON
112100318121,,KHOI BAN LE
112100318150,,KHOI BAN LE
112100318151,,KHOI BAN LE
112100318152,,KHOI BAN LE
112100318153,,KHOI BAN LE
114600318335,,KHOI QUAN LY RUI RO
115600318440,,KHOI TAC NGHIEP
115600318446,,KHOI TAC NGHIEP
117700318618,,KHOI HO TRO
119000318000,,BO PHAN CHUNG
120700318950,,BAN LANH DAO
31999,,
111100319021,,KHOI BAN BUON
112100319121,,KHOI BAN LE
112100319150,,KHOI BAN LE
112100319151,,KHOI BAN LE
112100319152,,KHOI BAN LE
112100319153,,KHOI BAN LE
114600319335,,KHOI QUAN LY RUI RO
115600319440,,KHOI TAC NGHIEP
115600319446,,KHOI TAC NGHIEP
117700319618,,KHOI HO TRO
119000319000,,BO PHAN CHUNG
120700319950,,BAN LANH DAO
36899,,
111100368021,,KHOI BAN BUON
111100368022,,KHOI BAN BUON
112100368121,,KHOI BAN LE
112100368154,,KHOI BAN LE
112100368155,,KHOI BAN LE
112100368156,,KHOI BAN LE
114600368335,,KHOI QUAN LY RUI RO
115600368440,,KHOI TAC NGHIEP
115600368446,,KHOI TAC NGHIEP
115700368465,,KHOI TAC NGHIEP
117700368618,,KHOI HO TRO
119000368000,,BO PHAN CHUNG
120700368950,,BAN LANH DAO
65099,,
111100650021,,KHOI BAN BUON
111100650022,,KHOI BAN BUON
111100650023,,KHOI BAN BUON
112100650121,,KHOI BAN LE
112100650122,,KHOI BAN LE
112100650123,,KHOI BAN LE
112100650150,,KHOI BAN LE
112100650151,,KHOI BAN LE
112100650153,,KHOI BAN LE
112100650156,,KHOI BAN LE
114600650335,,KHOI QUAN LY RUI RO
115600650440,,KHOI TAC NGHIEP
115600650446,,KHOI TAC NGHIEP
115700650465,,KHOI TAC NGHIEP
116700650521,,KHOI TAI CHINH-KE TOAN
117700650698,,KHOI HO TRO
119000650000,,BO PHAN CHUNG
120700650950,,BAN LANH DAO
65199,,
111100651021,,KHOI BAN BUON
111100651022,,KHOI BAN BUON
112100651121,,KHOI BAN LE
112100651122,,KHOI BAN LE
112100651123,,KHOI BAN LE
112100651150,,KHOI BAN LE
112100651151,,KHOI BAN LE
112100651152,,KHOI BAN LE
114600651335,,KHOI QUAN LY RUI RO
115600651440,,KHOI TAC NGHIEP
115600651446,,KHOI TAC NGHIEP
116700651521,,KHOI TAI CHINH-KE TOAN
117700651698,,KHOI HO TRO
119000651000,,BO PHAN CHUNG
120700651950,,BAN LANH DAO
65299,,
111100652021,,KHOI BAN BUON
111100652022,,KHOI BAN BUON
112100652121,,KHOI BAN LE
112100652150,,KHOI BAN LE
112100652151,,KHOI BAN LE
112100652152,,KHOI BAN LE
112100652153,,KHOI BAN LE
114600652335,,KHOI QUAN LY RUI RO
115600652440,,KHOI TAC NGHIEP
115600652446,,KHOI TAC NGHIEP
117700652618,,KHOI HO TRO
119000652000,,BO PHAN CHUNG
120700652950,,BAN LANH DAO
65399,,
111100653021,,KHOI BAN BUON
112100653121,,KHOI BAN LE
112100653122,,KHOI BAN LE
112100653154,,KHOI BAN LE
112100653155,,KHOI BAN LE
112100653156,,KHOI BAN LE
114600653335,,KHOI QUAN LY RUI RO
115600653440,,KHOI TAC NGHIEP
115600653446,,KHOI TAC NGHIEP
117700653618,,KHOI HO TRO
119000653000,,BO PHAN CHUNG
120700653950,,BAN LANH DAO
65699,,
111100656021,,KHOI BAN BUON
112100656121,,KHOI BAN LE
112100656150,,KHOI BAN LE
112100656152,,KHOI BAN LE
112100656153,,KHOI BAN LE
115600656440,,KHOI TAC NGHIEP
115600656446,,KHOI TAC NGHIEP
117700656618,,KHOI HO TRO
119000656000,,BO PHAN CHUNG
120700656950,,BAN LANH DAO
65599,,
111100655021,,KHOI BAN BUON
112100655121,,KHOI BAN LE
112100655150,,KHOI BAN LE
112100655151,,KHOI BAN LE
112100655152,,KHOI BAN LE
112100655153,,KHOI BAN LE
114600655335,,KHOI QUAN LY RUI RO
115600655440,,KHOI TAC NGHIEP
115600655446,,KHOI TAC NGHIEP
115700655465,,KHOI TAC NGHIEP
117700655618,,KHOI HO TRO
119000655000,,BO PHAN CHUNG
120700655950,,BAN LANH DAO
67099,,
111100670021,,KHOI BAN BUON
111100670022,,KHOI BAN BUON
111100670023,,KHOI BAN BUON
112100670121,,KHOI BAN LE
112100670122,,KHOI BAN LE
112100670151,,KHOI BAN LE
112100670152,,KHOI BAN LE
112100670153,,KHOI BAN LE
112100670154,,KHOI BAN LE
112100670155,,KHOI BAN LE
112100670156,,KHOI BAN LE
114600670335,,KHOI QUAN LY RUI RO
115600670440,,KHOI TAC NGHIEP
115600670446,,KHOI TAC NGHIEP
116700670521,,KHOI TAI CHINH-KE TOAN
117700670698,,KHOI HO TRO
119000670000,,BO PHAN CHUNG
120700670950,,BAN LANH DAO
67199,,
111100671021,,KHOI BAN BUON
111100671022,,KHOI BAN BUON
112100671121,,KHOI BAN LE
112100671150,,KHOI BAN LE
112100671151,,KHOI BAN LE
112100671152,,KHOI BAN LE
112100671153,,KHOI BAN LE
114600671335,,KHOI QUAN LY RUI RO
115600671440,,KHOI TAC NGHIEP
115600671446,,KHOI TAC NGHIEP
117700671618,,KHOI HO TRO
119000671000,,BO PHAN CHUNG
120700671950,,BAN LANH DAO
67299,,
111100672021,,KHOI BAN BUON
112100672121,,KHOI BAN LE
112100672122,,KHOI BAN LE
112100672150,,KHOI BAN LE
112100672151,,KHOI BAN LE
112100672152,,KHOI BAN LE
114600672335,,KHOI QUAN LY RUI RO
115600672440,,KHOI TAC NGHIEP
115600672446,,KHOI TAC NGHIEP
117700672618,,KHOI HO TRO
119000672000,,BO PHAN CHUNG
120700672950,,BAN LANH DAO
67999,,
111100679021,,KHOI BAN BUON
112100679121,,KHOI BAN LE
112100679150,,KHOI BAN LE
112100679151,,KHOI BAN LE
112100679152,,KHOI BAN LE
112100679153,,KHOI BAN LE
112100679154,,KHOI BAN LE
115600679440,,KHOI TAC NGHIEP
115600679446,,KHOI TAC NGHIEP
117700679618,,KHOI HO TRO
119000679000,,BO PHAN CHUNG
120700679950,,BAN LANH DAO
66199,,
111100661021,,KHOI BAN BUON
112100661121,,KHOI BAN LE
112100661150,,KHOI BAN LE
112100661151,,KHOI BAN LE
112100661152,,KHOI BAN LE
112100661153,,KHOI BAN LE
112100661154,,KHOI BAN LE
114600661335,,KHOI QUAN LY RUI RO
115600661440,,KHOI TAC NGHIEP
115600661446,,KHOI TAC NGHIEP
116700661521,,KHOI TAI CHINH-KE TOAN
117700661698,,KHOI HO TRO
119000661000,,BO PHAN CHUNG
120700661950,,BAN LANH DAO
76099,,
76899,,
111100760022,,KHOI BAN BUON
111100760023,,KHOI BAN BUON
112100760121,,KHOI BAN LE
112100760122,,KHOI BAN LE
112100760150,,KHOI BAN LE
112100760151,,KHOI BAN LE
112100760152,,KHOI BAN LE
112100760153,,KHOI BAN LE
112100760154,,KHOI BAN LE
112100760155,,KHOI BAN LE
114600760335,,KHOI QUAN LY RUI RO
115600760440,,KHOI TAC NGHIEP
115600760446,,KHOI TAC NGHIEP
115700760465,,KHOI TAC NGHIEP
116700760521,,KHOI TAI CHINH-KE TOAN
117700760698,,KHOI HO TRO
119000760000,,BO PHAN CHUNG
120700760950,,BAN LANH DAO
76199,,
111100761021,,KHOI BAN BUON
112100761121,,KHOI BAN LE
112100761150,,KHOI BAN LE
112100761151,,KHOI BAN LE
112100761152,,KHOI BAN LE
112100761153,,KHOI BAN LE
114600761335,,KHOI QUAN LY RUI RO
115600761440,,KHOI TAC NGHIEP
115600761446,,KHOI TAC NGHIEP
117700761618,,KHOI HO TRO
119000761000,,BO PHAN CHUNG
120700761950,,BAN LANH DAO
76299,,
111100762021,,KHOI BAN BUON
111100762022,,
112100762121,,KHOI BAN LE
112100762150,,KHOI BAN LE
112100762151,,KHOI BAN LE
112100762152,,KHOI BAN LE
112100762153,,KHOI BAN LE
112100762154,,KHOI BAN LE
114600762335,,KHOI QUAN LY RUI RO
115600762440,,KHOI TAC NGHIEP
115600762446,,KHOI TAC NGHIEP
117700762618,,KHOI HO TRO
119000762000,,BO PHAN CHUNG
120700762950,,BAN LANH DAO
76699,,
111100766021,,KHOI BAN BUON
112100766121,,KHOI BAN LE
112100766150,,KHOI BAN LE
112100766152,,KHOI BAN LE
112100766153,,KHOI BAN LE
114600766335,,KHOI QUAN LY RUI RO
115600766440,,KHOI TAC NGHIEP
115600766446,,KHOI TAC NGHIEP
117700766618,,KHOI HO TRO
119000766000,,BO PHAN CHUNG
120700766950,,BAN LANH DAO
25699,,
111100256021,,KHOI BAN BUON
111100256022,,KHOI BAN BUON
112100256121,,KHOI BAN LE
112100256153,,KHOI BAN LE
112100256161,,KHOI BAN LE
112100256162,,KHOI BAN LE
112100256163,,KHOI BAN LE
114600256335,,KHOI QUAN LY RUI RO
115600256440,,KHOI TAC NGHIEP
115600256446,,KHOI TAC NGHIEP
117700256618,,KHOI HO TRO
119000256000,,BO PHAN CHUNG
120700256950,,BAN LANH DAO
43299,,
111100432021,,KHOI BAN BUON
111100432022,,KHOI BAN BUON
112100432121,,KHOI BAN LE
112100432151,,KHOI BAN LE
112100432152,,KHOI BAN LE
112100432153,,KHOI BAN LE
112100432154,,KHOI BAN LE
112100432155,,KHOI BAN LE
112100432156,,KHOI BAN LE
112100432157,,KHOI BAN LE
112100432158,,KHOI BAN LE
112100432160,,KHOI BAN LE
114600432335,,KHOI QUAN LY RUI RO
115600432440,,KHOI TAC NGHIEP
115600432446,,KHOI TAC NGHIEP
116700432521,,KHOI TAI CHINH-KE TOAN
117700432698,,KHOI HO TRO
119000432000,,BO PHAN CHUNG
120700432950,,BAN LANH DAO
43399,,
111100433021,,KHOI BAN BUON
112100433121,,KHOI BAN LE
112100433150,,KHOI BAN LE
112100433151,,KHOI BAN LE
112100433152,,KHOI BAN LE
112100433153,,KHOI BAN LE
112100433154,,KHOI BAN LE
114600433335,,KHOI QUAN LY RUI RO
115600433440,,KHOI TAC NGHIEP
115600433446,,KHOI TAC NGHIEP
117700433618,,KHOI HO TRO
119000433000,,BO PHAN CHUNG
120700433950,,BAN LANH DAO
48299,,
111100482021,,KHOI BAN BUON
112100482121,,KHOI BAN LE
112100482150,,KHOI BAN LE
112100482151,,KHOI BAN LE
112100482152,,KHOI BAN LE
112100482153,,KHOI BAN LE
112100482154,,KHOI BAN LE
112100482155,,KHOI BAN LE
114600482335,,KHOI QUAN LY RUI RO
115600482440,,KHOI TAC NGHIEP
115600482446,,KHOI TAC NGHIEP
117700482618,,KHOI HO TRO
119000482000,,BO PHAN CHUNG
120700482950,,BAN LANH DAO
46099,,
46299,,
46399,,
111100460021,,KHOI BAN BUON
111100460022,,KHOI BAN BUON
111100460023,,KHOI BAN BUON
112100460121,,KHOI BAN LE
112100460122,,KHOI BAN LE
112100460150,,KHOI BAN LE
112100460151,,KHOI BAN LE
112100460152,,KHOI BAN LE
112100460153,,KHOI BAN LE
112100460154,,KHOI BAN LE
112100460155,,KHOI BAN LE
112100460156,,KHOI BAN LE
112100460157,,KHOI BAN LE
112100460158,,KHOI BAN LE
112100460159,,KHOI BAN LE
112100460160,,KHOI BAN LE
114600460335,,KHOI QUAN LY RUI RO
115600460440,,KHOI TAC NGHIEP
115600460446,,KHOI TAC NGHIEP
115700460465,,KHOI TAC NGHIEP
116700460521,,KHOI TAI CHINH-KE TOAN
117700460698,,KHOI HO TRO
119000460000,,BO PHAN CHUNG
120700460950,,BAN LANH DAO
46199,,
111100461021,,KHOI BAN BUON
112100461121,,KHOI BAN LE
112100461150,,KHOI BAN LE
112100461151,,KHOI BAN LE
112100461152,,KHOI BAN LE
112100461154,,KHOI BAN LE
112100461155,,KHOI BAN LE
114600461335,,KHOI QUAN LY RUI RO
115600461440,,KHOI TAC NGHIEP
115600461446,,KHOI TAC NGHIEP
117700461618,,KHOI HO TRO
119000461000,,BO PHAN CHUNG
120700461950,,BAN LANH DAO
46899,,
111100468021,,KHOI BAN BUON
112100468121,,KHOI BAN LE
112100468150,,KHOI BAN LE
112100468155,,KHOI BAN LE
112100468156,,KHOI BAN LE
112100468158,,KHOI BAN LE
112100468160,,KHOI BAN LE
112100468166,,KHOI BAN LE
112100468168,,KHOI BAN LE
114600468335,,KHOI QUAN LY RUI RO
115600468440,,KHOI TAC NGHIEP
115600468446,,KHOI TAC NGHIEP
117700468618,,KHOI HO TRO
119000468000,,BO PHAN CHUNG
120700468950,,BAN LANH DAO
32199,,
111100321021,,KHOI BAN BUON
111100321022,,KHOI BAN BUON
112100321121,,KHOI BAN LE
112100321122,,KHOI BAN LE
112100321150,,KHOI BAN LE
112100321151,,KHOI BAN LE
112100321152,,KHOI BAN LE
112100321153,,KHOI BAN LE
112100321154,,KHOI BAN LE
112100321155,,KHOI BAN LE
112100321156,,KHOI BAN LE
114600321335,,KHOI QUAN LY RUI RO
115600321440,,KHOI TAC NGHIEP
115600321446,,KHOI TAC NGHIEP
115700321465,,KHOI TAC NGHIEP
116700321521,,KHOI TAI CHINH-KE TOAN
117700321698,,KHOI HO TRO
119000321000,,BO PHAN CHUNG
120700321950,,BAN LANH DAO
32399,,
111100323021,,KHOI BAN BUON
111100323022,,KHOI BAN BUON
112100323121,,KHOI BAN LE
112100323150,,KHOI BAN LE
112100323151,,KHOI BAN LE
112100323154,,KHOI BAN LE
112100323155,,KHOI BAN LE
112100323156,,KHOI BAN LE
114600323335,,KHOI QUAN LY RUI RO
115600323440,,KHOI TAC NGHIEP
115600323446,,KHOI TAC NGHIEP
115700323465,,KHOI TAC NGHIEP
117700323618,,KHOI HO TRO
119000323000,,BO PHAN CHUNG
120700323950,,BAN LANH DAO
32899,,
111100328021,,KHOI BAN BUON
112100328121,,KHOI BAN LE
112100328150,,KHOI BAN LE
112100328151,,KHOI BAN LE
112100328152,,KHOI BAN LE
112100328153,,KHOI BAN LE
112100328154,,KHOI BAN LE
114600328335,,KHOI QUAN LY RUI RO
115600328440,,KHOI TAC NGHIEP
115600328446,,KHOI TAC NGHIEP
117700328618,,KHOI HO TRO
119000328000,,BO PHAN CHUNG
120700328950,,BAN LANH DAO
46599,,
111100465021,,KHOI BAN BUON
111100465022,,KHOI BAN BUON
112100465121,,KHOI BAN LE
112100465150,,KHOI BAN LE
112100465151,,KHOI BAN LE
112100465152,,KHOI BAN LE
112100465153,,KHOI BAN LE
114600465335,,KHOI QUAN LY RUI RO
115600465440,,KHOI TAC NGHIEP
115600465446,,KHOI TAC NGHIEP
116700465521,,KHOI TAI CHINH-KE TOAN
117700465698,,KHOI HO TRO
119000465000,,BO PHAN CHUNG
120700465950,,BAN LANH DAO
46699,,
111100466021,,KHOI BAN BUON
111100466022,,KHOI BAN BUON
112100466121,,KHOI BAN LE
112100466150,,KHOI BAN LE
112100466153,,KHOI BAN LE
112100466154,,KHOI BAN LE
112100466158,,KHOI BAN LE
114600466335,,KHOI QUAN LY RUI RO
115600466440,,KHOI TAC NGHIEP
115600466446,,KHOI TAC NGHIEP
117700466618,,KHOI HO TRO
119000466000,,BO PHAN CHUNG
120700466950,,BAN LANH DAO
48099,,
111100480021,,KHOI BAN BUON
112100480121,,KHOI BAN LE
112100480150,,KHOI BAN LE
112100480152,,KHOI BAN LE
112100480153,,KHOI BAN LE
112100480156,,KHOI BAN LE
112100480157,,KHOI BAN LE
112100480158,,KHOI BAN LE
114600480335,,KHOI QUAN LY RUI RO
115600480440,,KHOI TAC NGHIEP
115600480446,,KHOI TAC NGHIEP
117700480618,,KHOI HO TRO
119000480000,,BO PHAN CHUNG
120700480950,,BAN LANH DAO
48699,,
111100486021,,KHOI BAN BUON
112100486121,,KHOI BAN LE
112100486150,,KHOI BAN LE
112100486151,,KHOI BAN LE
112100486152,,KHOI BAN LE
112100486153,,KHOI BAN LE
112100486154,,KHOI BAN LE
114600486335,,KHOI QUAN LY RUI RO
115600486440,,KHOI TAC NGHIEP
115600486446,,KHOI TAC NGHIEP
117700486618,,KHOI HO TRO
119000486000,,BO PHAN CHUNG
120700486950,,BAN LANH DAO
48399,,
111100483021,,KHOI BAN BUON
111100483022,,KHOI BAN BUON
112100483120,,KHOI BAN LE
112100483121,,KHOI BAN LE
112100483151,,KHOI BAN LE
112100483152,,KHOI BAN LE
112100483153,,KHOI BAN LE
112100483154,,KHOI BAN LE
114600483335,,KHOI QUAN LY RUI RO
115600483440,,KHOI TAC NGHIEP
115600483446,,KHOI TAC NGHIEP
116700483521,,KHOI TAI CHINH-KE TOAN
117700483698,,KHOI HO TRO
119000483000,,BO PHAN CHUNG
120700483950,,BAN LANH DAO
48899,,
111100488021,,KHOI BAN BUON
112100488121,,KHOI BAN LE
112100488150,,KHOI BAN LE
112100488151,,KHOI BAN LE
112100488152,,KHOI BAN LE
112100488153,,KHOI BAN LE
114600488335,,KHOI QUAN LY RUI RO
115600488440,,KHOI TAC NGHIEP
115600488446,,KHOI TAC NGHIEP
117700488618,,KHOI HO TRO
119000488000,,BO PHAN CHUNG
120700488950,,BAN LANH DAO
44099,,
44599,,
111100440021,,KHOI BAN BUON
112100440121,,KHOI BAN LE
112100440122,,KHOI BAN LE
112100440150,,KHOI BAN LE
112100440151,,KHOI BAN LE
112100440152,,KHOI BAN LE
112100440153,,KHOI BAN LE
112100440158,,KHOI BAN LE
112100440159,,KHOI BAN LE
112100440160,,KHOI BAN LE
112100440161,,KHOI BAN LE
114600440335,,KHOI QUAN LY RUI RO
115600440440,,KHOI TAC NGHIEP
115600440446,,KHOI TAC NGHIEP
116700440521,,KHOI TAI CHINH-KE TOAN
117700440698,,KHOI HO TRO
119000440000,,BO PHAN CHUNG
120700440950,,BAN LANH DAO
44199,,
111100441021,,KHOI BAN BUON
112100441121,,KHOI BAN LE
112100441122,,KHOI BAN LE
112100441155,,KHOI BAN LE
112100441156,,KHOI BAN LE
112100441157,,KHOI BAN LE
112100441158,,KHOI BAN LE
112100441159,,KHOI BAN LE
112100441160,,KHOI BAN LE
112100441161,,KHOI BAN LE
114600441335,,KHOI QUAN LY RUI RO
115600441440,,KHOI TAC NGHIEP
115600441446,,KHOI TAC NGHIEP
117700441618,,KHOI HO TRO
119000441000,,BO PHAN CHUNG
120700441950,,BAN LANH DAO
44299,,
44399,,
111100443021,,KHOI BAN BUON
112100443121,,KHOI BAN LE
112100443150,,KHOI BAN LE
112100443151,,KHOI BAN LE
112100443152,,KHOI BAN LE
112100443154,,KHOI BAN LE
112100443155,,KHOI BAN LE
112100443157,,KHOI BAN LE
114600443335,,KHOI QUAN LY RUI RO
115600443440,,KHOI TAC NGHIEP
115600443446,,KHOI TAC NGHIEP
117700443618,,KHOI HO TRO
119000443000,,BO PHAN CHUNG
120700443950,,BAN LANH DAO
44499,,
44699,,
111100444021,,KHOI BAN BUON
112100444121,,KHOI BAN LE
112100444150,,KHOI BAN LE
112100444151,,KHOI BAN LE
112100444152,,KHOI BAN LE
112100444155,,KHOI BAN LE
114600444335,,KHOI QUAN LY RUI RO
115600444440,,KHOI TAC NGHIEP
115600444446,,KHOI TAC NGHIEP
117700444618,,KHOI HO TRO
119000444000,,BO PHAN CHUNG
120700444950,,BAN LANH DAO
44899,,
111100448021,,KHOI BAN BUON
112100448121,,KHOI BAN LE
112100448161,,KHOI BAN LE
112100448163,,KHOI BAN LE
112100448164,,KHOI BAN LE
112100448165,,KHOI BAN LE
112100448166,,KHOI BAN LE
114600448335,,KHOI QUAN LY RUI RO
115600448440,,KHOI TAC NGHIEP
115600448446,,KHOI TAC NGHIEP
117700448618,,KHOI HO TRO
119000448000,,BO PHAN CHUNG
120700448950,,BAN LANH DAO
47199,,
111100471021,,KHOI BAN BUON
112100471121,,KHOI BAN LE
112100471150,,KHOI BAN LE
112100471151,,KHOI BAN LE
112100471152,,KHOI BAN LE
112100471153,,KHOI BAN LE
112100471154,,KHOI BAN LE
112100471155,,KHOI BAN LE
112100471156,,KHOI BAN LE
112100471157,,KHOI BAN LE
114600471335,,KHOI QUAN LY RUI RO
115600471440,,KHOI TAC NGHIEP
115600471446,,KHOI TAC NGHIEP
115700471465,,KHOI TAC NGHIEP
117700471618,,KHOI HO TRO
119000471000,,BO PHAN CHUNG
120700471950,,BAN LANH DAO
42599,,
111100425021,,KHOI BAN BUON
111100425022,,KHOI BAN BUON
111100425024,,KHOI BAN BUON
112100425121,,KHOI BAN LE
112100425122,,KHOI BAN LE
112100425151,,KHOI BAN LE
112100425152,,KHOI BAN LE
112100425153,,KHOI BAN LE
112100425154,,KHOI BAN LE
112100425155,,KHOI BAN LE
112100425156,,KHOI BAN LE
112100425157,,KHOI BAN LE
114600425335,,KHOI QUAN LY RUI RO
115600425440,,KHOI TAC NGHIEP
115600425441,,KHOI TAC NGHIEP
115600425442,,KHOI TAC NGHIEP
115600425446,,KHOI TAC NGHIEP
115700425465,,KHOI TAC NGHIEP
117700425618,,KHOI HO TRO
119000425000,,BO PHAN CHUNG
120700425950,,BAN LANH DAO
42699,,
111100426021,,KHOI BAN BUON
112100426121,,KHOI BAN LE
112100426150,,KHOI BAN LE
112100426151,,KHOI BAN LE
112100426152,,KHOI BAN LE
112100426153,,KHOI BAN LE
114600426336,,KHOI QUAN LY RUI RO
115600426440,,KHOI TAC NGHIEP
115600426446,,KHOI TAC NGHIEP
117700426618,,KHOI HO TRO
119000426000,,BO PHAN CHUNG
120700426950,,BAN LANH DAO
52099,,
52199,,
111100520021,,KHOI BAN BUON
111100520022,,KHOI BAN BUON
112100520121,,KHOI BAN LE
112100520122,,KHOI BAN LE
112100520123,,KHOI BAN LE
112100520150,,KHOI BAN LE
112100520152,,KHOI BAN LE
112100520153,,KHOI BAN LE
112100520154,,KHOI BAN LE
112100520155,,KHOI BAN LE
114600520335,,KHOI QUAN LY RUI RO
115600520440,,KHOI TAC NGHIEP
115600520446,,KHOI TAC NGHIEP
116700520521,,KHOI TAI CHINH-KE TOAN
117700520698,,KHOI HO TRO
119000520000,,BO PHAN CHUNG
120700520950,,BAN LANH DAO
52299,,
111100522021,,KHOI BAN BUON
112100522121,,KHOI BAN LE
112100522150,,KHOI BAN LE
112100522151,,KHOI BAN LE
112100522152,,KHOI BAN LE
114600522335,,KHOI QUAN LY RUI RO
115600522440,,KHOI TAC NGHIEP
115600522446,,KHOI TAC NGHIEP
117700522618,,KHOI HO TRO
119000522000,,BO PHAN CHUNG
120700522950,,BAN LANH DAO
55199,,
111100551021,,KHOI BAN BUON
112100551120,,KHOI BAN LE
112100551121,,KHOI BAN LE
112100551150,,KHOI BAN LE
112100551152,,KHOI BAN LE
112100551153,,KHOI BAN LE
112100551154,,KHOI BAN LE
112100551155,,KHOI BAN LE
114600551335,,KHOI QUAN LY RUI RO
115600551440,,KHOI TAC NGHIEP
115600551446,,KHOI TAC NGHIEP
116700551521,,KHOI TAI CHINH-KE TOAN
117700551698,,KHOI HO TRO
119000551000,,BO PHAN CHUNG
120700551950,,BAN LANH DAO
55699,,
111100556021,,KHOI BAN BUON
112100556121,,KHOI BAN LE
112100556150,,KHOI BAN LE
112100556151,,KHOI BAN LE
112100556152,,KHOI BAN LE
114600556335,,KHOI QUAN LY RUI RO
115600556440,,KHOI TAC NGHIEP
115600556446,,KHOI TAC NGHIEP
117700556618,,KHOI HO TRO
119000556000,,BO PHAN CHUNG
120700556950,,BAN LANH DAO
51099,,
111100510021,,KHOI BAN BUON
111100510022,,KHOI BAN BUON
111100510023,,KHOI BAN BUON
111100510024,,KHOI BAN BUON
112100510121,,KHOI BAN LE
112100510122,,KHOI BAN LE
112100510151,,KHOI BAN LE
112100510152,,KHOI BAN LE
112100510153,,KHOI BAN LE
112100510154,,KHOI BAN LE
112100510156,,KHOI BAN LE
112100510157,,KHOI BAN LE
112100510159,,KHOI BAN LE
112100510160,,KHOI BAN LE
112100510161,,KHOI BAN LE
114600510335,,KHOI QUAN LY RUI RO
115600510440,,KHOI TAC NGHIEP
115600510446,,KHOI TAC NGHIEP
115700510465,,KHOI TAC NGHIEP
116700510521,,KHOI TAI CHINH-KE TOAN
117700510697,,KHOI HO TRO
117700510698,,KHOI HO TRO
119000510000,,BO PHAN CHUNG
120700510950,,BAN LANH DAO
51199,,
51299,,
51599,,
111100512021,,KHOI BAN BUON
112100512121,,KHOI BAN LE
112100512122,,KHOI BAN LE
112100512150,,KHOI BAN LE
112100512151,,KHOI BAN LE
112100512152,,KHOI BAN LE
112100512153,,KHOI BAN LE
112100512154,,KHOI BAN LE
112100512155,,KHOI BAN LE
112100512156,,KHOI BAN LE
112100512157,,KHOI BAN LE
112100512158,,KHOI BAN LE
114600512335,,KHOI QUAN LY RUI RO
115600512440,,KHOI TAC NGHIEP
115600512446,,KHOI TAC NGHIEP
117700512618,,KHOI HO TRO
119000512000,,BO PHAN CHUNG
120700512950,,BAN LANH DAO
51399,,
51499,,
111100513021,,KHOI BAN BUON
112100513121,,KHOI BAN LE
112100513150,,KHOI BAN LE
112100513151,,KHOI BAN LE
112100513152,,KHOI BAN LE
112100513153,,KHOI BAN LE
112100513154,,KHOI BAN LE
112100513155,,KHOI BAN LE
114600513335,,KHOI QUAN LY RUI RO
115600513440,,KHOI TAC NGHIEP
115600513446,,KHOI TAC NGHIEP
117700513618,,KHOI HO TRO
119000513000,,BO PHAN CHUNG
120700513950,,BAN LANH DAO
51899,,
111100518021,,KHOI BAN BUON
112100518121,,KHOI BAN LE
112100518151,,KHOI BAN LE
112100518152,,KHOI BAN LE
112100518153,,KHOI BAN LE
112100518155,,KHOI BAN LE
112100518156,,KHOI BAN LE
114600518335,,KHOI QUAN LY RUI RO
115600518440,,KHOI TAC NGHIEP
115600518446,,KHOI TAC NGHIEP
117700518618,,KHOI HO TRO
119000518000,,BO PHAN CHUNG
120700518950,,BAN LANH DAO
53199,,
53399,,
111100531021,,KHOI BAN BUON
111100531022,,KHOI BAN BUON
111100531023,,KHOI BAN BUON
112100531121,,KHOI BAN LE
112100531150,,KHOI BAN LE
112100531151,,KHOI BAN LE
112100531152,,KHOI BAN LE
112100531153,,KHOI BAN LE
112100531154,,KHOI BAN LE
112100531155,,KHOI BAN LE
112100531169,,KHOI BAN LE
114600531335,,KHOI QUAN LY RUI RO
115600531440,,KHOI TAC NGHIEP
115600531446,,KHOI TAC NGHIEP
115700531465,,KHOI TAC NGHIEP
116700531521,,KHOI TAI CHINH-KE TOAN
117700531698,,KHOI HO TRO
119000531000,,BO PHAN CHUNG
120700531950,,BAN LANH DAO
53299,,
53499,,
111100532021,,KHOI BAN BUON
112100532121,,KHOI BAN LE
112100532150,,KHOI BAN LE
112100532151,,KHOI BAN LE
112100532152,,KHOI BAN LE
112100532153,,KHOI BAN LE
112100532154,,KHOI BAN LE
112100532155,,KHOI BAN LE
114600532335,,KHOI QUAN LY RUI RO
115600532440,,KHOI TAC NGHIEP
115600532446,,KHOI TAC NGHIEP
117700532618,,KHOI HO TRO
119000532000,,BO PHAN CHUNG
120700532950,,BAN LANH DAO
54099,,
111100540021,,KHOI BAN BUON
112100540121,,KHOI BAN LE
112100540150,,KHOI BAN LE
112100540151,,KHOI BAN LE
112100540152,,KHOI BAN LE
112100540153,,KHOI BAN LE
112100540154,,KHOI BAN LE
114600540335,,KHOI QUAN LY RUI RO
115600540440,,KHOI TAC NGHIEP
115600540446,,KHOI TAC NGHIEP
115700540465,,KHOI TAC NGHIEP
116700540521,,KHOI TAI CHINH-KE TOAN
117700540698,,KHOI HO TRO
119000540000,,BO PHAN CHUNG
120700540950,,BAN LANH DAO
50199,,
111100501021,,KHOI BAN BUON
111100501022,,
111100501023,,
112100501121,,KHOI BAN LE
112100501150,,KHOI BAN LE
112100501151,,KHOI BAN LE
112100501152,,KHOI BAN LE
112100501153,,KHOI BAN LE
112100501154,,KHOI BAN LE
112100501155,,KHOI BAN LE
112100501156,,KHOI BAN LE
112100501159,,KHOI BAN LE
112100501160,,KHOI BAN LE
114600501335,,KHOI QUAN LY RUI RO
115600501440,,KHOI TAC NGHIEP
115600501441,,KHOI TAC NGHIEP
115600501442,,KHOI TAC NGHIEP
115600501446,,KHOI TAC NGHIEP
115700501465,,KHOI TAC NGHIEP
116700501521,,KHOI TAI CHINH-KE TOAN
117700501698,,KHOI HO TRO
119000501000,,BO PHAN CHUNG
120700501950,,BAN LANH DAO
50299,,
111100502021,,KHOI BAN BUON
112100502121,,KHOI BAN LE
112100502151,,KHOI BAN LE
112100502152,,KHOI BAN LE
112100502153,,KHOI BAN LE
112100502154,,KHOI BAN LE
114600502335,,KHOI QUAN LY RUI RO
115600502440,,KHOI TAC NGHIEP
115600502446,,KHOI TAC NGHIEP
115700502465,,KHOI TAC NGHIEP
117700502618,,KHOI HO TRO
119000502000,,BO PHAN CHUNG
120700502950,,BAN LANH DAO
50599,,
111100505021,,KHOI BAN BUON
112100505121,,KHOI BAN LE
112100505152,,KHOI BAN LE
112100505153,,KHOI BAN LE
112100505154,,KHOI BAN LE
112100505155,,KHOI BAN LE
112100505156,,KHOI BAN LE
112100505157,,KHOI BAN LE
114600505335,,KHOI QUAN LY RUI RO
115600505440,,KHOI TAC NGHIEP
115600505446,,KHOI TAC NGHIEP
115700505465,,KHOI TAC NGHIEP
117700505618,,KHOI HO TRO
119000505000,,BO PHAN CHUNG
120700505950,,BAN LANH DAO
55899,,
111100558021,,KHOI BAN BUON
112100558121,,KHOI BAN LE
112100558150,,KHOI BAN LE
112100558151,,KHOI BAN LE
112100558152,,KHOI BAN LE
114600558335,,KHOI QUAN LY RUI RO
115600558440,,KHOI TAC NGHIEP
115600558446,,KHOI TAC NGHIEP
117700558618,,KHOI HO TRO
119000558000,,BO PHAN CHUNG
120700558950,,BAN LANH DAO
58099,,
111100580021,,KHOI BAN BUON
111100580022,,KHOI BAN BUON
111100580023,,KHOI BAN BUON
112100580121,,KHOI BAN LE
112100580150,,KHOI BAN LE
112100580151,,KHOI BAN LE
112100580152,,KHOI BAN LE
112100580153,,KHOI BAN LE
112100580155,,KHOI BAN LE
112100580156,,KHOI BAN LE
114600580335,,KHOI QUAN LY RUI RO
115600580440,,KHOI TAC NGHIEP
115600580441,,KHOI TAC NGHIEP
115600580442,,KHOI TAC NGHIEP
115600580446,,KHOI TAC NGHIEP
115700580465,,KHOI TAC NGHIEP
116700580521,,KHOI TAI CHINH-KE TOAN
117700580698,,KHOI HO TRO
119000580000,,BO PHAN CHUNG
120700580950,,BAN LANH DAO
58199,,
58299,,
111100581021,,KHOI BAN BUON
111100581022,,KHOI BAN BUON
112100581120,,KHOI BAN LE
112100581121,,KHOI BAN LE
112100581151,,KHOI BAN LE
112100581152,,KHOI BAN LE
112100581154,,KHOI BAN LE
112100581155,,KHOI BAN LE
112100581157,,KHOI BAN LE
112100581158,,KHOI BAN LE
114600581335,,KHOI QUAN LY RUI RO
115600581440,,KHOI TAC NGHIEP
115600581446,,KHOI TAC NGHIEP
117700581618,,KHOI HO TRO
119000581000,,BO PHAN CHUNG
120700581950,,BAN LANH DAO
61199,,
111100611021,,KHOI BAN BUON
112100611121,,KHOI BAN LE
112100611150,,KHOI BAN LE
112100611151,,KHOI BAN LE
112100611152,,KHOI BAN LE
114600611335,,KHOI QUAN LY RUI RO
115600611440,,KHOI TAC NGHIEP
115600611446,,KHOI TAC NGHIEP
116700611521,,KHOI TAI CHINH-KE TOAN
117700611698,,KHOI HO TRO
119000611000,,BO PHAN CHUNG
120700611950,,BAN LANH DAO
56099,,
111100560021,,KHOI BAN BUON
112100560121,,KHOI BAN LE
112100560150,,KHOI BAN LE
112100560151,,KHOI BAN LE
112100560152,,KHOI BAN LE
112100560154,,KHOI BAN LE
114600560335,,KHOI QUAN LY RUI RO
115600560440,,KHOI TAC NGHIEP
115600560441,,KHOI TAC NGHIEP
115600560442,,KHOI TAC NGHIEP
115600560446,,KHOI TAC NGHIEP
116700560521,,KHOI TAI CHINH-KE TOAN
117700560698,,KHOI HO TRO
119000560000,,BO PHAN CHUNG
120700560950,,BAN LANH DAO
56199,,
111100561021,,KHOI BAN BUON
111100561022,,KHOI BAN BUON
112100561121,,KHOI BAN LE
112100561151,,KHOI BAN LE
112100561152,,KHOI BAN LE
112100561154,,KHOI BAN LE
112100561156,,KHOI BAN LE
114600561335,,KHOI QUAN LY RUI RO
115600561440,,KHOI TAC NGHIEP
115600561446,,KHOI TAC NGHIEP
116700561521,,KHOI TAI CHINH-KE TOAN
117700561618,,KHOI HO TRO
117700561698,,KHOI HO TRO
119000561000,,BO PHAN CHUNG
120700561950,,BAN LANH DAO
56599,,
111100565021,,KHOI BAN BUON
112100565121,,KHOI BAN LE
112100565150,,KHOI BAN LE
112100565151,,KHOI BAN LE
112100565152,,KHOI BAN LE
112100565153,,KHOI BAN LE
114600565335,,KHOI QUAN LY RUI RO
115600565440,,KHOI TAC NGHIEP
115600565446,,KHOI TAC NGHIEP
117700565618,,KHOI HO TRO
119000565000,,BO PHAN CHUNG
120700565950,,BAN LANH DAO
60199,,
111100601021,,KHOI BAN BUON
111100601022,,KHOI BAN BUON
112100601121,,KHOI BAN LE
112100601151,,KHOI BAN LE
112100601152,,KHOI BAN LE
112100601153,,KHOI BAN LE
112100601154,,KHOI BAN LE
112100601155,,KHOI BAN LE
112100601156,,KHOI BAN LE
112100601157,,KHOI BAN LE
114600601335,,KHOI QUAN LY RUI RO
115600601440,,KHOI TAC NGHIEP
115600601446,,KHOI TAC NGHIEP
115700601465,,KHOI TAC NGHIEP
116700601521,,KHOI TAI CHINH-KE TOAN
117700601698,,KHOI HO TRO
119000601000,,BO PHAN CHUNG
120700601950,,BAN LANH DAO
60299,,
111100602021,,KHOI BAN BUON
112100602121,,KHOI BAN LE
112100602150,,KHOI BAN LE
112100602151,,KHOI BAN LE
112100602152,,KHOI BAN LE
115600602440,,KHOI TAC NGHIEP
115600602446,,KHOI TAC NGHIEP
117700602618,,KHOI HO TRO
119000602000,,BO PHAN CHUNG
120700602950,,BAN LANH DAO
61599,,
61699,,
111100615021,,KHOI BAN BUON
112100615121,,KHOI BAN LE
112100615150,,KHOI BAN LE
112100615151,,KHOI BAN LE
112100615152,,KHOI BAN LE
112100615153,,KHOI BAN LE
114600615335,,KHOI QUAN LY RUI RO
115600615440,,KHOI TAC NGHIEP
115600615446,,KHOI TAC NGHIEP
117700615618,,KHOI HO TRO
119000615000,,BO PHAN CHUNG
120700615950,,BAN LANH DAO
59099,,
111100590021,,KHOI BAN BUON
112100590121,,KHOI BAN LE
112100590151,,KHOI BAN LE
112100590152,,KHOI BAN LE
112100590154,,KHOI BAN LE
112100590155,,KHOI BAN LE
112100590156,,KHOI BAN LE
114600590335,,KHOI QUAN LY RUI RO
115600590440,,KHOI TAC NGHIEP
115600590441,,KHOI TAC NGHIEP
115600590442,,KHOI TAC NGHIEP
115600590446,,KHOI TAC NGHIEP
116700590521,,KHOI TAI CHINH-KE TOAN
117700590698,,KHOI HO TRO
119000590000,,BO PHAN CHUNG
120700590950,,BAN LANH DAO
56299,,
56399,,
111100562021,,KHOI BAN BUON
112100562121,,KHOI BAN LE
112100562151,,KHOI BAN LE
112100562152,,KHOI BAN LE
112100562155,,KHOI BAN LE
114600562335,,KHOI QUAN LY RUI RO
115600562440,,KHOI TAC NGHIEP
115600562446,,KHOI TAC NGHIEP
116700562521,,KHOI TAI CHINH-KE TOAN
117700562618,,KHOI HO TRO
117700562698,,KHOI HO TRO
119000562000,,BO PHAN CHUNG
120700562950,,BAN LANH DAO
56499,,
56699,,
111100566021,,KHOI BAN BUON
112100566121,,KHOI BAN LE
112100566150,,KHOI BAN LE
112100566151,,KHOI BAN LE
112100566152,,KHOI BAN LE
112100566153,,KHOI BAN LE
114600566335,,KHOI QUAN LY RUI RO
115600566440,,KHOI TAC NGHIEP
115600566446,,KHOI TAC NGHIEP
115700566465,,KHOI TAC NGHIEP
117700566618,,KHOI HO TRO
119000566000,,BO PHAN CHUNG
120700566950,,BAN LANH DAO
57099,,
111100570021,,KHOI BAN BUON
112100570121,,KHOI BAN LE
112100570150,,KHOI BAN LE
112100570151,,KHOI BAN LE
112100570153,,KHOI BAN LE
112100570157,,KHOI BAN LE
114600570335,,KHOI QUAN LY RUI RO
115600570440,,KHOI TAC NGHIEP
115600570446,,KHOI TAC NGHIEP
115700570465,,KHOI TAC NGHIEP
117700570618,,KHOI HO TRO
119000570000,,BO PHAN CHUNG
120700570950,,BAN LANH DAO
57399,,
111100573021,,KHOI BAN BUON
112100573121,,KHOI BAN LE
112100573151,,KHOI BAN LE
112100573152,,KHOI BAN LE
112100573153,,KHOI BAN LE
114600573335,,KHOI QUAN LY RUI RO
115600573440,,KHOI TAC NGHIEP
115600573446,,KHOI TAC NGHIEP
115700573465,,KHOI TAC NGHIEP
117700573618,,KHOI HO TRO
119000573000,,BO PHAN CHUNG
120700573950,,BAN LANH DAO
43099,,
43199,,
111100431021,,KHOI BAN BUON
111100431022,,KHOI BAN BUON
112100431121,,KHOI BAN LE
112100431122,,KHOI BAN LE
112100431151,,KHOI BAN LE
112100431152,,KHOI BAN LE
112100431153,,KHOI BAN LE
112100431154,,KHOI BAN LE
112100431155,,KHOI BAN LE
112100431156,,KHOI BAN LE
114600431335,,KHOI QUAN LY RUI RO
115600431440,,KHOI TAC NGHIEP
115600431446,,KHOI TAC NGHIEP
117700431618,,KHOI HO TRO
119000431000,,BO PHAN CHUNG
120700431950,,BAN LANH DAO
39599,,
111100395021,,KHOI BAN BUON
112100395121,,KHOI BAN LE
112100395150,,KHOI BAN LE
112100395151,,KHOI BAN LE
112100395152,,KHOI BAN LE
112100395153,,KHOI BAN LE
114600395335,,KHOI QUAN LY RUI RO
115600395440,,KHOI TAC NGHIEP
115600395446,,KHOI TAC NGHIEP
115700395465,,KHOI TAC NGHIEP
117700395618,,KHOI HO TRO
119000395000,,BO PHAN CHUNG
120700395950,,BAN LANH DAO
33099,,
111100330021,,KHOI BAN BUON
112100330121,,KHOI BAN LE
112100330150,,KHOI BAN LE
112100330151,,KHOI BAN LE
112100330152,,KHOI BAN LE
112100330153,,KHOI BAN LE
112100330154,,KHOI BAN LE
114600330335,,KHOI QUAN LY RUI RO
115600330440,,KHOI TAC NGHIEP
115600330446,,KHOI TAC NGHIEP
116700330521,,KHOI TAI CHINH-KE TOAN
117700330698,,KHOI HO TRO
119000330000,,BO PHAN CHUNG
120700330950,,BAN LANH DAO
36099,,
111100360021,,KHOI BAN BUON
112100360121,,KHOI BAN LE
112100360150,,KHOI BAN LE
112100360151,,KHOI BAN LE
112100360152,,KHOI BAN LE
112100360153,,KHOI BAN LE
112100360154,,KHOI BAN LE
114600360335,,KHOI QUAN LY RUI RO
115600360440,,KHOI TAC NGHIEP
115600360446,,KHOI TAC NGHIEP
117700360618,,KHOI HO TRO
119000360000,,BO PHAN CHUNG
120700360950,,BAN LANH DAO
34599,,
34699,,
111100345021,,KHOI BAN BUON
112100345121,,KHOI BAN LE
112100345150,,KHOI BAN LE
112100345151,,KHOI BAN LE
112100345152,,KHOI BAN LE
112100345153,,KHOI BAN LE
112100345154,,KHOI BAN LE
112100345155,,KHOI BAN LE
114600345335,,KHOI QUAN LY RUI RO
115600345440,,KHOI TAC NGHIEP
115600345446,,KHOI TAC NGHIEP
117700345618,,KHOI HO TRO
119000345000,,BO PHAN CHUNG
120700345950,,BAN LANH DAO
45599,,
111100455021,,KHOI BAN BUON
112100455121,,KHOI BAN LE
112100455150,,KHOI BAN LE
112100455151,,KHOI BAN LE
112100455152,,KHOI BAN LE
112100455153,,KHOI BAN LE
112100455167,,KHOI BAN LE
114600455335,,KHOI QUAN LY RUI RO
115600455440,,KHOI TAC NGHIEP
115600455446,,KHOI TAC NGHIEP
117700455618,,KHOI HO TRO
119000455000,,BO PHAN CHUNG
120700455950,,BAN LANH DAO
36299,,
111100362021,,KHOI BAN BUON
112100362121,,KHOI BAN LE
112100362150,,KHOI BAN LE
112100362151,,KHOI BAN LE
112100362152,,KHOI BAN LE
112100362153,,KHOI BAN LE
114600362335,,KHOI QUAN LY RUI RO
115600362440,,KHOI TAC NGHIEP
115600362446,,KHOI TAC NGHIEP
117700362618,,KHOI HO TRO
119000362000,,BO PHAN CHUNG
120700362950,,BAN LANH DAO
35199,,
35299,,
35399,,
111100351021,,KHOI BAN BUON
112100351121,,KHOI BAN LE
112100351123,,KHOI BAN LE
112100351150,,KHOI BAN LE
112100351151,,KHOI BAN LE
112100351152,,KHOI BAN LE
112100351153,,KHOI BAN LE
112100351154,,KHOI BAN LE
112100351155,,KHOI BAN LE
112100351156,,KHOI BAN LE
112100351157,,KHOI BAN LE
112100351158,,KHOI BAN LE
114600351335,,KHOI QUAN LY RUI RO
115600351440,,KHOI TAC NGHIEP
115600351446,,KHOI TAC NGHIEP
116700351521,,KHOI TAI CHINH-KE TOAN
117700351698,,KHOI HO TRO
119000351000,,BO PHAN CHUNG
120700351950,,BAN LANH DAO
37599,,
111100375021,,KHOI BAN BUON
112100375121,,KHOI BAN LE
112100375151,,KHOI BAN LE
112100375152,,KHOI BAN LE
112100375153,,KHOI BAN LE
112100375154,,KHOI BAN LE
112100375155,,KHOI BAN LE
114600375335,,KHOI QUAN LY RUI RO
115600375440,,KHOI TAC NGHIEP
115600375446,,KHOI TAC NGHIEP
116700375521,,KHOI TAI CHINH-KE TOAN
117700375698,,KHOI HO TRO
119000375000,,BO PHAN CHUNG
120700375950,,BAN LANH DAO
37699,,
37899,,
111100376021,,KHOI BAN BUON
112100376121,,KHOI BAN LE
112100376150,,KHOI BAN LE
112100376151,,KHOI BAN LE
112100376152,,KHOI BAN LE
112100376153,,KHOI BAN LE
112100376154,,KHOI BAN LE
114600376335,,KHOI QUAN LY RUI RO
115600376440,,KHOI TAC NGHIEP
115600376446,,KHOI TAC NGHIEP
117700376618,,KHOI HO TRO
119000376000,,BO PHAN CHUNG
120700376950,,BAN LANH DAO
42199,,
42299,,
42399,,
42499,,
111100421021,,KHOI BAN BUON
111100421022,,KHOI BAN BUON
111100421023,,KHOI BAN BUON
112100421121,,KHOI BAN LE
112100421152,,KHOI BAN LE
112100421153,,KHOI BAN LE
112100421154,,KHOI BAN LE
112100421155,,KHOI BAN LE
112100421156,,KHOI BAN LE
112100421157,,KHOI BAN LE
112100421158,,KHOI BAN LE
114600421335,,KHOI QUAN LY RUI RO
115600421440,,KHOI TAC NGHIEP
115600421446,,KHOI TAC NGHIEP
116700421521,,KHOI TAI CHINH-KE TOAN
117700421698,,KHOI HO TRO
119000421000,,BO PHAN CHUNG
120700421950,,BAN LANH DAO
42899,,
111100428021,,KHOI BAN BUON
112100428121,,KHOI BAN LE
112100428151,,KHOI BAN LE
112100428152,,KHOI BAN LE
112100428153,,KHOI BAN LE
112100428154,,KHOI BAN LE
112100428155,,KHOI BAN LE
112100428156,,KHOI BAN LE
112100428157,,KHOI BAN LE
112100428158,,KHOI BAN LE
114600428335,,KHOI QUAN LY RUI RO
115600428440,,KHOI TAC NGHIEP
115600428446,,KHOI TAC NGHIEP
117700428618,,KHOI HO TRO
119000428000,,BO PHAN CHUNG
120700428950,,BAN LANH DAO
41199,,
41299,,
41399,,
111100411021,,KHOI BAN BUON
112100411121,,KHOI BAN LE
112100411150,,KHOI BAN LE
112100411151,,KHOI BAN LE
112100411152,,KHOI BAN LE
112100411153,,KHOI BAN LE
112100411154,,KHOI BAN LE
112100411155,,KHOI BAN LE
112100411156,,KHOI BAN LE
112100411157,,KHOI BAN LE
114600411335,,KHOI QUAN LY RUI RO
115600411440,,KHOI TAC NGHIEP
115600411446,,KHOI TAC NGHIEP
117700411618,,KHOI HO TRO
119000411000,,BO PHAN CHUNG
120700411950,,BAN LANH DAO
39099,,
111100390021,,KHOI BAN BUON
111100390022,,KHOI BAN BUON
111100390023,,KHOI BAN BUON
112100390121,,KHOI BAN LE
112100390150,,KHOI BAN LE
112100390151,,KHOI BAN LE
112100390152,,KHOI BAN LE
112100390153,,KHOI BAN LE
112100390154,,KHOI BAN LE
112100390155,,KHOI BAN LE
112100390158,,KHOI BAN LE
112100390159,,KHOI BAN LE
114600390335,,KHOI QUAN LY RUI RO
115600390440,,KHOI TAC NGHIEP
115600390446,,KHOI TAC NGHIEP
115700390465,,KHOI TAC NGHIEP
116700390521,,KHOI TAI CHINH-KE TOAN
117700390698,,KHOI HO TRO
119000390000,,BO PHAN CHUNG
120700390950,,BAN LANH DAO
39899,,
111100398021,,KHOI BAN BUON
111100398022,,KHOI BAN BUON
112100398121,,KHOI BAN LE
112100398155,,KHOI BAN LE
112100398156,,KHOI BAN LE
112100398157,,KHOI BAN LE
112100398158,,KHOI BAN LE
114600398335,,KHOI QUAN LY RUI RO
115600398440,,KHOI TAC NGHIEP
115600398446,,KHOI TAC NGHIEP
115700398465,,KHOI TAC NGHIEP
117700398618,,KHOI HO TRO
119000398000,,BO PHAN CHUNG
120700398950,,BAN LANH DAO
34199,,
111100341021,,KHOI BAN BUON
112100341121,,KHOI BAN LE
112100341150,,KHOI BAN LE
112100341151,,KHOI BAN LE
112100341152,,KHOI BAN LE
112100341153,,KHOI BAN LE
112100341154,,KHOI BAN LE
112100341155,,KHOI BAN LE
114600341335,,KHOI QUAN LY RUI RO
115600341440,,KHOI TAC NGHIEP
115600341446,,KHOI TAC NGHIEP
115700341465,,KHOI TAC NGHIEP
117700341618,,KHOI HO TRO
119000341000,,BO PHAN CHUNG
120700341950,,BAN LANH DAO
37199,,
111100371021,,KHOI BAN BUON
112100371121,,KHOI BAN LE
112100371150,,KHOI BAN LE
112100371151,,KHOI BAN LE
112100371152,,KHOI BAN LE
112100371153,,KHOI BAN LE
112100371154,,KHOI BAN LE
112100371155,,KHOI BAN LE
112100371156,,KHOI BAN LE
112100371157,,KHOI BAN LE
112100371159,,KHOI BAN LE
112100371160,,KHOI BAN LE
114600371335,,KHOI QUAN LY RUI RO
115600371440,,KHOI TAC NGHIEP
115600371446,,KHOI TAC NGHIEP
115700371465,,KHOI TAC NGHIEP
116700371521,,KHOI TAI CHINH-KE TOAN
117700371698,,KHOI HO TRO
119000371000,,BO PHAN CHUNG
120700371950,,BAN LANH DAO
63199,,
63499,,
111100631021,,KHOI BAN BUON
111100631022,,KHOI BAN BUON
112100631121,,KHOI BAN LE
112100631122,,KHOI BAN LE
112100631150,,KHOI BAN LE
112100631151,,KHOI BAN LE
112100631152,,KHOI BAN LE
112100631153,,KHOI BAN LE
112100631154,,KHOI BAN LE
114600631335,,KHOI QUAN LY RUI RO
115600631440,,KHOI TAC NGHIEP
115600631446,,KHOI TAC NGHIEP
115700631465,,KHOI TAC NGHIEP
116700631521,,KHOI TAI CHINH-KE TOAN
117700631698,,KHOI HO TRO
119000631000,,BO PHAN CHUNG
120700631950,,BAN LANH DAO
63299,,
111100632021,,KHOI BAN BUON
112100632121,,KHOI BAN LE
112100632122,,KHOI BAN LE
112100632150,,KHOI BAN LE
112100632151,,KHOI BAN LE
112100632152,,KHOI BAN LE
112100632153,,KHOI BAN LE
114600632335,,KHOI QUAN LY RUI RO
115600632440,,KHOI TAC NGHIEP
115600632446,,KHOI TAC NGHIEP
115700632465,,KHOI TAC NGHIEP
117700632618,,KHOI HO TRO
119000632000,,BO PHAN CHUNG
120700632950,,BAN LANH DAO
63399,,
111100633021,,KHOI BAN BUON
112100633120,,KHOI BAN LE
112100633121,,KHOI BAN LE
112100633150,,KHOI BAN LE
112100633151,,KHOI BAN LE
112100633152,,KHOI BAN LE
112100633153,,KHOI BAN LE
114600633335,,KHOI QUAN LY RUI RO
115600633440,,KHOI TAC NGHIEP
115600633446,,KHOI TAC NGHIEP
115700633465,,KHOI TAC NGHIEP
117700633618,,KHOI HO TRO
119000633000,,BO PHAN CHUNG
120700633950,,BAN LANH DAO
63699,,
111100636021,,KHOI BAN BUON
112100636121,,KHOI BAN LE
112100636122,,KHOI BAN LE
112100636150,,KHOI BAN LE
112100636151,,KHOI BAN LE
112100636152,,KHOI BAN LE
112100636153,,KHOI BAN LE
114600636335,,KHOI QUAN LY RUI RO
115600636440,,KHOI TAC NGHIEP
115600636446,,KHOI TAC NGHIEP
115700636465,,KHOI TAC NGHIEP
117700636618,,KHOI HO TRO
119000636000,,BO PHAN CHUNG
120700636950,,BAN LANH DAO
63599,,
111100635021,,KHOI BAN BUON
112100635121,,KHOI BAN LE
112100635150,,KHOI BAN LE
112100635151,,KHOI BAN LE
112100635152,,KHOI BAN LE
112100635153,,KHOI BAN LE
112100635154,,KHOI BAN LE
112100635155,,KHOI BAN LE
114600635335,,KHOI QUAN LY RUI RO
115600635440,,KHOI TAC NGHIEP
115600635446,,KHOI TAC NGHIEP
115700635465,,KHOI TAC NGHIEP
116700635521,,KHOI TAI CHINH-KE TOAN
117700635698,,KHOI HO TRO
119000635000,,BO PHAN CHUNG
120700635950,,BAN LANH DAO
62099,,
62299,,
62399,,
111100620021,,KHOI BAN BUON
111100620022,,KHOI BAN BUON
112100620120,,KHOI BAN LE
112100620121,,KHOI BAN LE
112100620122,,KHOI BAN LE
112100620150,,KHOI BAN LE
112100620151,,KHOI BAN LE
112100620152,,KHOI BAN LE
112100620153,,KHOI BAN LE
112100620156,,KHOI BAN LE
112100620157,,KHOI BAN LE
114600620335,,KHOI QUAN LY RUI RO
115600620440,,KHOI TAC NGHIEP
115600620446,,KHOI TAC NGHIEP
116700620521,,KHOI TAI CHINH-KE TOAN
117700620698,,KHOI HO TRO
119000620000,,BO PHAN CHUNG
120700620950,,BAN LANH DAO
62199,,
62499,,
111100621021,,KHOI BAN BUON
111100621022,,KHOI BAN BUON
112100621120,,KHOI BAN LE
112100621121,,KHOI BAN LE
112100621122,,KHOI BAN LE
112100621153,,KHOI BAN LE
112100621154,,KHOI BAN LE
112100621155,,KHOI BAN LE
112100621156,,KHOI BAN LE
112100621158,,KHOI BAN LE
114600621335,,KHOI QUAN LY RUI RO
115600621440,,KHOI TAC NGHIEP
115600621446,,KHOI TAC NGHIEP
116700621521,,KHOI TAI CHINH-KE TOAN
117700621698,,KHOI HO TRO
119000621000,,BO PHAN CHUNG
120700621950,,BAN LANH DAO
62699,,
111100626021,,KHOI BAN BUON
112100626121,,KHOI BAN LE
112100626122,,KHOI BAN LE
112100626150,,KHOI BAN LE
112100626151,,KHOI BAN LE
112100626152,,KHOI BAN LE
112100626153,,KHOI BAN LE
112100626154,,KHOI BAN LE
114600626335,,KHOI QUAN LY RUI RO
115600626440,,KHOI TAC NGHIEP
115600626446,,KHOI TAC NGHIEP
117700626618,,KHOI HO TRO
119000626000,,BO PHAN CHUNG
120700626950,,BAN LANH DAO
62599,,
111100625021,,KHOI BAN BUON
112100625121,,KHOI BAN LE
112100625150,,KHOI BAN LE
112100625151,,KHOI BAN LE
112100625152,,KHOI BAN LE
112100625153,,KHOI BAN LE
114600625335,,KHOI QUAN LY RUI RO
115600625440,,KHOI TAC NGHIEP
115600625446,,KHOI TAC NGHIEP
116700625521,,KHOI TAI CHINH-KE TOAN
117700625698,,KHOI HO TRO
119000625000,,BO PHAN CHUNG
120700625950,,BAN LANH DAO
64199,,
64399,,
111100641021,,KHOI BAN BUON
112100641121,,KHOI BAN LE
112100641150,,KHOI BAN LE
112100641151,,KHOI BAN LE
112100641152,,KHOI BAN LE
112100641153,,KHOI BAN LE
112100641154,,KHOI BAN LE
114600641335,,KHOI QUAN LY RUI RO
115600641440,,KHOI TAC NGHIEP
115600641446,,KHOI TAC NGHIEP
117700641618,,KHOI HO TRO
119000641000,,BO PHAN CHUNG
120700641950,,BAN LANH DAO
64299,,
111100642021,,KHOI BAN BUON
112100642121,,KHOI BAN LE
112100642160,,KHOI BAN LE
112100642161,,KHOI BAN LE
112100642162,,KHOI BAN LE
112100642163,,KHOI BAN LE
112100642164,,KHOI BAN LE
114600642335,,KHOI QUAN LY RUI RO
115600642440,,KHOI TAC NGHIEP
115600642446,,KHOI TAC NGHIEP
117700642618,,KHOI HO TRO
119000642000,,BO PHAN CHUNG
120700642950,,BAN LANH DAO
64699,,
112100646120,,KHOI BAN LE
112100646150,,KHOI BAN LE
112100646151,,KHOI BAN LE
112100646152,,KHOI BAN LE
112100646154,,KHOI BAN LE
114600646335,,KHOI QUAN LY RUI RO
115600646440,,KHOI TAC NGHIEP
115600646446,,KHOI TAC NGHIEP
117700646618,,KHOI HO TRO
119000646000,,BO PHAN CHUNG
120700646950,,BAN LANH DAO
70199,,
70999,,
111100701021,,KHOI BAN BUON
112100701121,,KHOI BAN LE
112100701152,,KHOI BAN LE
112100701154,,KHOI BAN LE
112100701155,,KHOI BAN LE
112100701156,,KHOI BAN LE
112100701157,,KHOI BAN LE
112100701158,,KHOI BAN LE
114600701335,,KHOI QUAN LY RUI RO
115600701440,,KHOI TAC NGHIEP
115600701446,,KHOI TAC NGHIEP
115700701465,,KHOI TAC NGHIEP
116700701521,,KHOI TAI CHINH-KE TOAN
117700701618,,KHOI HO TRO
117700701698,,KHOI HO TRO
119000701000,,BO PHAN CHUNG
120700701950,,BAN LANH DAO
70299,,
70899,,
111100702021,,KHOI BAN BUON
112100702121,,KHOI BAN LE
112100702150,,KHOI BAN LE
112100702151,,KHOI BAN LE
112100702152,,KHOI BAN LE
112100702154,,KHOI BAN LE
114600702335,,KHOI QUAN LY RUI RO
115600702440,,KHOI TAC NGHIEP
115600702446,,KHOI TAC NGHIEP
117700702618,,KHOI HO TRO
119000702000,,BO PHAN CHUNG
120700702950,,BAN LANH DAO
78599,,
78699,,
111100785021,,KHOI BAN BUON
112100785121,,KHOI BAN LE
112100785150,,KHOI BAN LE
112100785151,,KHOI BAN LE
112100785153,,KHOI BAN LE
112100785154,,KHOI BAN LE
112100785155,,KHOI BAN LE
112100785156,,KHOI BAN LE
112100785157,,KHOI BAN LE
114600785335,,KHOI QUAN LY RUI RO
115600785440,,KHOI TAC NGHIEP
115600785446,,KHOI TAC NGHIEP
115700785465,,KHOI TAC NGHIEP
117700785618,,KHOI HO TRO
119000785000,,BO PHAN CHUNG
120700785950,,BAN LANH DAO
72199,,
111100721021,,KHOI BAN BUON
112100721121,,KHOI BAN LE
112100721150,,KHOI BAN LE
112100721151,,KHOI BAN LE
112100721152,,KHOI BAN LE
112100721153,,KHOI BAN LE
112100721154,,KHOI BAN LE
114600721335,,KHOI QUAN LY RUI RO
115600721440,,KHOI TAC NGHIEP
115600721446,,KHOI TAC NGHIEP
116700721521,,KHOI TAI CHINH-KE TOAN
117700721698,,KHOI HO TRO
119000721000,,BO PHAN CHUNG
120700721950,,BAN LANH DAO
72999,,
111100729021,,KHOI BAN BUON
112100729121,,KHOI BAN LE
112100729150,,KHOI BAN LE
112100729151,,KHOI BAN LE
112100729152,,KHOI BAN LE
114600729335,,KHOI QUAN LY RUI RO
115600729440,,KHOI TAC NGHIEP
115600729446,,KHOI TAC NGHIEP
117700729618,,KHOI HO TRO
119000729000,,BO PHAN CHUNG
120700729950,,BAN LANH DAO
78099,,
111100780021,,KHOI BAN BUON
112100780121,,KHOI BAN LE
112100780150,,KHOI BAN LE
112100780151,,KHOI BAN LE
112100780152,,KHOI BAN LE
114600780335,,KHOI QUAN LY RUI RO
115600780440,,KHOI TAC NGHIEP
115600780446,,KHOI TAC NGHIEP
117700780618,,KHOI HO TRO
119000780000,,BO PHAN CHUNG
120700780950,,BAN LANH DAO
78899,,
111100788021,,KHOI BAN BUON
112100788121,,KHOI BAN LE
112100788150,,KHOI BAN LE
112100788151,,KHOI BAN LE
112100788152,,KHOI BAN LE
112100788154,,KHOI BAN LE
114600788335,,KHOI QUAN LY RUI RO
115600788440,,KHOI TAC NGHIEP
115600788446,,KHOI TAC NGHIEP
115700788465,,KHOI TAC NGHIEP
117700788618,,KHOI HO TRO
119000788000,,BO PHAN CHUNG
120700788950,,BAN LANH DAO
74099,,
74199,,
111100741021,,KHOI BAN BUON
112100741121,,KHOI BAN LE
112100741122,,KHOI BAN LE
112100741150,,KHOI BAN LE
112100741151,,KHOI BAN LE
112100741152,,KHOI BAN LE
112100741153,,KHOI BAN LE
114600741335,,KHOI QUAN LY RUI RO
115600741440,,KHOI TAC NGHIEP
115600741446,,KHOI TAC NGHIEP
115700741465,,KHOI TAC NGHIEP
117700741618,,KHOI HO TRO
119000741000,,BO PHAN CHUNG
120700741950,,BAN LANH DAO
74599,,
111100745021,,KHOI BAN BUON
114600745335,,KHOI QUAN LY RUI RO
115600745440,,KHOI TAC NGHIEP
115600745446,,KHOI TAC NGHIEP
117700745618,,KHOI HO TRO
119000745000,,BO PHAN CHUNG
120700745950,,BAN LANH DAO
73699,,
74899,,
111100748021,,KHOI BAN BUON
111100748022,,KHOI BAN BUON
112100748121,,KHOI BAN LE
112100748122,,KHOI BAN LE
112100748151,,KHOI BAN LE
112100748152,,KHOI BAN LE
112100748153,,KHOI BAN LE
112100748154,,KHOI BAN LE
112100748155,,KHOI BAN LE
114600748335,,KHOI QUAN LY RUI RO
115600748440,,KHOI TAC NGHIEP
115600748446,,KHOI TAC NGHIEP
117700748618,,KHOI HO TRO
119000748000,,BO PHAN CHUNG
120700748950,,BAN LANH DAO
69199,,
69399,,
69499,,
111100691021,,KHOI BAN BUON
112100691121,,KHOI BAN LE
112100691151,,KHOI BAN LE
112100691153,,KHOI BAN LE
112100691154,,KHOI BAN LE
112100691155,,KHOI BAN LE
112100691156,,KHOI BAN LE
112100691157,,KHOI BAN LE
112100691159,,KHOI BAN LE
114600691335,,KHOI QUAN LY RUI RO
115600691440,,KHOI TAC NGHIEP
115600691446,,KHOI TAC NGHIEP
116700691521,,KHOI TAI CHINH-KE TOAN
117700691698,,KHOI HO TRO
119000691000,,BO PHAN CHUNG
120700691950,,BAN LANH DAO
69299,,
69699,,
111100696021,,KHOI BAN BUON
112100696121,,KHOI BAN LE
112100696150,,KHOI BAN LE
112100696151,,KHOI BAN LE
112100696152,,KHOI BAN LE
112100696153,,KHOI BAN LE
114600696335,,KHOI QUAN LY RUI RO
115600696440,,KHOI TAC NGHIEP
115600696446,,KHOI TAC NGHIEP
117700696618,,KHOI HO TRO
119000696000,,BO PHAN CHUNG
120700696950,,BAN LANH DAO
73799,,
73999,,
111100737021,,KHOI BAN BUON
112100737120,,KHOI BAN LE
112100737121,,KHOI BAN LE
112100737151,,KHOI BAN LE
112100737152,,KHOI BAN LE
112100737154,,KHOI BAN LE
112100737155,,KHOI BAN LE
112100737158,,KHOI BAN LE
114600737335,,KHOI QUAN LY RUI RO
115600737440,,KHOI TAC NGHIEP
115600737446,,KHOI TAC NGHIEP
117700737618,,KHOI HO TRO
119000737000,,BO PHAN CHUNG
120700737950,,BAN LANH DAO
75099,,
75199,,
75299,,
111100750021,,KHOI BAN BUON
112100750121,,KHOI BAN LE
112100750150,,KHOI BAN LE
112100750152,,KHOI BAN LE
112100750153,,KHOI BAN LE
112100750155,,KHOI BAN LE
112100750156,,KHOI BAN LE
112100750159,,KHOI BAN LE
112100750161,,KHOI BAN LE
114600750335,,KHOI QUAN LY RUI RO
115600750440,,KHOI TAC NGHIEP
115600750446,,KHOI TAC NGHIEP
116700750521,,KHOI TAI CHINH-KE TOAN
117700750698,,KHOI HO TRO
119000750000,,BO PHAN CHUNG
120700750950,,BAN LANH DAO
75399,,
75499,,
111100753021,,KHOI BAN BUON
112100753120,,KHOI BAN LE
112100753121,,KHOI BAN LE
112100753154,,KHOI BAN LE
112100753155,,KHOI BAN LE
112100753156,,KHOI BAN LE
114600753335,,KHOI QUAN LY RUI RO
115600753440,,KHOI TAC NGHIEP
115600753446,,KHOI TAC NGHIEP
117700753618,,KHOI HO TRO
119000753000,,BO PHAN CHUNG
120700753950,,BAN LANH DAO
68099,,
68199,,
111100680021,,KHOI BAN BUON
111100680022,,KHOI BAN BUON
112100680121,,KHOI BAN LE
112100680122,,KHOI BAN LE
112100680151,,KHOI BAN LE
112100680152,,KHOI BAN LE
112100680153,,KHOI BAN LE
112100680154,,KHOI BAN LE
112100680155,,KHOI BAN LE
112100680156,,KHOI BAN LE
112100680157,,KHOI BAN LE
112100680158,,KHOI BAN LE
114600680335,,KHOI QUAN LY RUI RO
115600680440,,KHOI TAC NGHIEP
115600680446,,KHOI TAC NGHIEP
115700680465,,KHOI TAC NGHIEP
116700680521,,KHOI TAI CHINH-KE TOAN
117700680698,,KHOI HO TRO
119000680000,,BO PHAN CHUNG
120700680950,,BAN LANH DAO
68699,,
111100686021,,KHOI BAN BUON
112100686120,,KHOI BAN LE
112100686121,,KHOI BAN LE
112100686150,,KHOI BAN LE
112100686151,,KHOI BAN LE
112100686152,,KHOI BAN LE
112100686153,,KHOI BAN LE
114600686335,,KHOI QUAN LY RUI RO
115600686440,,KHOI TAC NGHIEP
115600686446,,KHOI TAC NGHIEP
115700686465,,KHOI TAC NGHIEP
117700686618,,KHOI HO TRO
119000686000,,BO PHAN CHUNG
120700686950,,BAN LANH DAO
74299,,
74499,,
111100742021,,KHOI BAN BUON
112100742121,,KHOI BAN LE
112100742150,,KHOI BAN LE
112100742151,,KHOI BAN LE
112100742152,,KHOI BAN LE
112100742154,,KHOI BAN LE
112100742156,,KHOI BAN LE
112100742159,,KHOI BAN LE
112100742160,,KHOI BAN LE
114600742335,,KHOI QUAN LY RUI RO
115600742440,,KHOI TAC NGHIEP
115600742446,,KHOI TAC NGHIEP
116700742521,,KHOI TAI CHINH-KE TOAN
117700742698,,KHOI HO TRO
119000742000,,BO PHAN CHUNG
120700742950,,BAN LANH DAO
71099,,
111100710021,,KHOI BAN BUON
111100710022,,KHOI BAN BUON
111100710023,,KHOI BAN BUON
112100710121,,KHOI BAN LE
112100710122,,KHOI BAN LE
112100710123,,KHOI BAN LE
112100710151,,KHOI BAN LE
112100710153,,KHOI BAN LE
112100710154,,KHOI BAN LE
112100710155,,KHOI BAN LE
114600710335,,KHOI QUAN LY RUI RO
115600710440,,KHOI TAC NGHIEP
115600710441,,KHOI TAC NGHIEP
115600710442,,KHOI TAC NGHIEP
115600710446,,KHOI TAC NGHIEP
115700710465,,KHOI TAC NGHIEP
116700710521,,KHOI TAI CHINH-KE TOAN
117700710698,,KHOI HO TRO
119000710000,,BO PHAN CHUNG
120700710950,,BAN LANH DAO
71199,,
111100711021,,KHOI BAN BUON
112100711120,,KHOI BAN LE
112100711121,,KHOI BAN LE
112100711151,,KHOI BAN LE
112100711152,,KHOI BAN LE
112100711153,,KHOI BAN LE
112100711154,,KHOI BAN LE
112100711157,,KHOI BAN LE
114600711335,,KHOI QUAN LY RUI RO
115600711440,,KHOI TAC NGHIEP
115600711446,,KHOI TAC NGHIEP
117700711618,,KHOI HO TRO
119000711000,,BO PHAN CHUNG
120700711950,,BAN LANH DAO
73499,,
73599,,
111100735021,,KHOI BAN BUON
112100735121,,KHOI BAN LE
112100735150,,KHOI BAN LE
112100735151,,KHOI BAN LE
112100735152,,KHOI BAN LE
112100735153,,KHOI BAN LE
112100735154,,KHOI BAN LE
112100735155,,KHOI BAN LE
112100735156,,KHOI BAN LE
112100735158,,KHOI BAN LE
114600735335,,KHOI QUAN LY RUI RO
115600735440,,KHOI TAC NGHIEP
115600735446,,KHOI TAC NGHIEP
116700735521,,KHOI TAI CHINH-KE TOAN
117700735698,,KHOI HO TRO
119000735000,,BO PHAN CHUNG
120700735950,,BAN LANH DAO
73099,,
73199,,
111100730021,,KHOI BAN BUON
112100730121,,KHOI BAN LE
112100730150,,KHOI BAN LE
112100730151,,KHOI BAN LE
112100730152,,KHOI BAN LE
112100730153,,KHOI BAN LE
112100730154,,KHOI BAN LE
112100730156,,KHOI BAN LE
112100730158,,KHOI BAN LE
114600730335,,KHOI QUAN LY RUI RO
115600730440,,KHOI TAC NGHIEP
115600730446,,KHOI TAC NGHIEP
116700730521,,KHOI TAI CHINH-KE TOAN
117700730698,,KHOI HO TRO
119000730000,,BO PHAN CHUNG
120700730950,,BAN LANH DAO
81899,,
119000818000,,BO PHAN CHUNG
